일자,시가,저가,고가,종가,거래량
2013-01-02,26150,26100,26650,26600,5151547
2013-01-03,26900,26400,27100,26650,4587780
2013-01-04,26800,26200,26900,26350,4856327
2013-01-07,26400,25650,26450,25900,4283105
2013-01-08,26050,25950,26550,26250,3468081
2013-01-09,26500,25950,26600,26050,2517811
2013-01-10,26150,25850,26800,26800,4762542
2013-01-11,27100,26500,27250,27100,6269825
2013-01-14,27250,26850,27300,26950,3130049
2013-01-15,26800,25800,27000,25950,6736761
2013-01-16,26200,26050,26700,26200,5723625
2013-01-17,26350,25450,26350,25900,4758701
2013-01-18,26050,25500,26150,25600,5547605
2013-01-21,25750,25300,25850,25750,3295467
2013-01-22,25500,24850,25700,25050,7158297
2013-01-23,25050,24600,25100,24650,6619066
2013-01-24,24600,24050,24650,24250,6007784
2013-01-25,24300,23800,24700,24200,5001969
2013-01-28,24150,24000,24500,24400,2586394
2013-01-29,24500,24100,24550,24200,4408627
2013-01-30,24650,24300,24950,24350,5631792
2013-01-31,24400,24200,24600,24400,4329870
2013-02-01,24250,24050,24450,24200,4025938
2013-02-04,24500,24300,24600,24300,2604422
2013-02-05,24050,23600,24200,23700,4574149
2013-02-06,23850,23800,24650,24500,5764265
2013-02-07,24650,24550,25000,24850,4681401
2013-02-08,24850,24550,25000,24750,3258865
2013-02-12,24950,24800,25300,25000,3432175
2013-02-13,25250,25200,25600,25500,4490716
2013-02-14,25550,25350,25750,25700,2859954
2013-02-15,25700,25550,25750,25650,2277981
2013-02-18,25600,25550,26000,25900,2456890
2013-02-19,25800,25750,26100,25850,1779504
2013-02-20,26250,26200,26700,26500,6657608
2013-02-21,26350,26300,26650,26600,2826255
2013-02-22,26400,26300,26600,26400,2689623
2013-02-25,26500,26050,26550,26300,2604691
2013-02-26,26100,25850,26650,26550,3772301
2013-02-27,26850,26250,26950,26250,3098659
2013-02-28,26700,26500,26750,26500,4038185
2013-03-04,26600,25900,26700,26000,3753949
2013-03-05,26400,26400,27200,27000,8141593
2013-03-06,27650,27600,28200,28000,11109877
2013-03-07,28100,27850,28450,28150,6588200
2013-03-08,28350,27800,28400,28250,3607159
2013-03-11,28250,28200,28800,28600,6597705
2013-03-12,28850,28050,28900,28100,3957978
2013-03-13,28300,28100,28550,28300,2769799
2013-03-14,28450,28400,29000,28900,5071138
2013-03-15,29000,28400,29200,28800,4473661
2013-03-18,28550,28400,28900,28400,2926693
2013-03-19,28800,28350,28900,28650,3232956
2013-03-20,28500,28350,28850,28600,2632433
2013-03-21,28850,28050,28900,28050,3426566
2013-03-22,27900,27650,28450,28300,3555515
2013-03-25,29050,28850,29200,29050,3959211
2013-03-26,29050,29000,29500,29500,5570927
2013-03-27,29600,29200,29700,29450,3184531
2013-03-28,29450,28950,29450,29250,3223050
2013-03-29,29500,28750,29650,28750,3045853
2013-04-01,28900,28600,29050,28650,1972865
2013-04-02,28750,28350,28900,28400,3577498
2013-04-03,28600,28550,29150,28900,3584222
2013-04-04,28550,28400,29200,29200,4869239
2013-04-05,29300,28350,29300,28550,3681853
2013-04-08,28600,27800,28700,27900,4153747
2013-04-09,27900,27300,28200,27800,4473759
2013-04-10,28150,27800,28200,27950,2896417
2013-04-11,28450,28300,29100,29000,5236997
2013-04-12,29050,28650,29350,28800,3407336
2013-04-15,28950,28700,29350,29150,2715965
2013-04-16,28850,28750,29250,29100,3276359
2013-04-17,29350,28650,29400,28750,3075896
2013-04-18,28400,27850,28500,27900,5206918
2013-04-19,27900,27850,28850,28800,3895261
2013-04-22,28800,28600,29100,29000,2012549
2013-04-23,29050,28450,29050,28850,2009817
2013-04-24,29400,29000,29600,29100,4683116
2013-04-25,29650,29450,29950,29500,11394824
2013-04-26,29400,29250,29750,29450,2667806
2013-04-29,29550,29500,29850,29550,2368216
2013-04-30,29850,29550,30000,29900,4973679
2013-05-02,29750,29300,29850,29450,2792031
2013-05-03,29650,29000,29700,29550,3767197
2013-05-06,29700,28850,29850,28900,4225049
2013-05-07,28900,28400,28950,28600,3154316
2013-05-08,28900,28400,28900,28550,3400637
2013-05-09,28500,28500,29250,29050,4575248
2013-05-10,29200,29050,29550,29100,4776435
2013-05-13,29000,28900,29200,29100,2518819
2013-05-14,29150,29150,29600,29500,2701509
2013-05-15,29550,29500,29850,29750,4030862
2013-05-16,29900,29850,30200,30050,6423610
2013-05-20,30500,30300,30850,30700,6958530
2013-05-21,30800,30600,31000,30600,5033266
2013-05-22,30900,30850,31600,31300,7608286
2013-05-23,31400,31250,32000,31400,7512672
2013-05-24,31800,31050,31850,31400,3871042
2013-05-27,31550,31400,31900,31400,2849669
2013-05-28,31400,30850,31650,31400,4431590
2013-05-29,31700,31550,32150,32000,4381622
2013-05-30,31850,31700,32200,31850,10882238
2013-05-31,32200,31750,32200,32200,3870613
2013-06-03,31950,31750,32150,31900,3449693
2013-06-04,32150,32000,32450,32250,3233657
2013-06-05,32350,31150,32400,31150,4570226
2013-06-07,31650,30900,31900,31100,5758634
2013-06-10,31700,31600,32900,32650,6709195
2013-06-11,32900,32300,32950,32500,3941737
2013-06-12,32300,32250,32700,32350,2590486
2013-06-13,32250,31600,32450,32050,6075091
2013-06-14,32150,31200,32250,31500,3971095
2013-06-17,31400,30100,31600,30450,6582178
2013-06-18,30900,30900,31750,31750,5215736
2013-06-19,32000,31550,32400,31900,4438175
2013-06-20,31400,30850,31700,31050,4371986
2013-06-21,30200,30000,31000,30800,5163521
2013-06-24,30900,29750,30950,29750,4897019
2013-06-25,29500,28900,30300,29500,6659713
2013-06-26,30150,29700,30400,30250,5040418
2013-06-27,30900,30600,31000,30650,5209137
2013-06-28,30900,30450,31200,31200,4309458
2013-07-01,30950,30850,31850,31550,4062599
2013-07-02,31500,28750,31550,28800,21019436
2013-07-03,29350,28550,29800,28750,10969350
2013-07-04,28950,28000,29050,28750,9130872
2013-07-05,28950,27950,29300,28400,7983219
2013-07-08,28100,27400,28600,27800,7227558
2013-07-09,28050,27750,28450,28350,5276470
2013-07-10,28150,27400,28300,27500,6362139
2013-07-11,27900,27650,28400,28400,6330650
2013-07-12,28450,28100,28650,28500,4499172
2013-07-15,28500,28050,28750,28450,2613544
2013-07-16,28650,28300,28700,28450,2886705
2013-07-17,28750,28200,28850,28600,4374401
2013-07-18,28950,28750,29450,29200,6437820
2013-07-19,29300,28400,29350,28400,5306867
2013-07-22,28400,27850,28500,28000,5042732
2013-07-23,27900,27750,28400,28200,4952809
2013-07-24,28300,28300,28750,28550,3818831
2013-07-25,29150,28400,29250,28600,6778488
2013-07-26,28850,27900,28850,28150,7755181
2013-07-29,27950,26900,27950,27000,15227768
2013-07-30,27050,26600,27300,27100,6903868
2013-07-31,27200,27150,27350,27200,4386284
2013-08-01,27250,27100,27450,27400,6151190
2013-08-02,27500,27250,27700,27450,6877232
2013-08-05,27300,27150,27400,27400,4180804
2013-08-06,27600,27350,27750,27550,4125157
2013-08-07,27350,26550,27400,26550,7771130
2013-08-08,26350,26000,26600,26200,5396449
2013-08-09,26200,26200,27100,26650,4669522
2013-08-12,26650,26600,27300,27000,3849323
2013-08-13,27050,27050,28300,28300,8719662
2013-08-14,28750,28600,29200,29150,10262550
2013-08-16,28700,28500,29000,28700,5110848
2013-08-19,28550,28300,28650,28550,2594470
2013-08-20,28500,28400,29150,28500,5699909
2013-08-21,28700,28050,28850,28200,3079266
2013-08-22,27800,27700,28350,28050,3639542
2013-08-23,28400,28300,28850,28500,4137108
2013-08-26,28500,28150,28700,28350,2937697
2013-08-27,28100,27800,28350,27950,3547412
2013-08-28,27350,27350,27850,27700,3556086
2013-08-29,27700,27400,28000,27450,5326833
2013-08-30,27600,27550,28250,28250,5663772
2013-09-02,28500,28200,28650,28300,3035909
2013-09-03,28550,28300,28650,28450,3100871
2013-09-04,28400,28200,28700,28650,3042973
2013-09-05,27400,27300,28150,28150,20625403
2013-09-06,28100,26850,28250,27100,12199781
2013-09-09,27600,27550,28450,28450,9571714
2013-09-10,28550,28400,28950,28950,6680750
2013-09-11,29100,28700,29300,28900,4893860
2013-09-12,29000,28750,29300,28900,6018991
2013-09-13,28900,28800,29250,29000,4674307
2013-09-16,29300,29300,29850,29800,5218534
2013-09-17,30000,29650,30450,30300,6788948
2013-09-23,30650,30200,30700,30550,4872847
2013-09-24,30400,30250,30850,30500,3788474
2013-09-25,30300,29600,30400,29750,4839999
2013-09-26,29750,29700,30600,30350,4297077
2013-09-27,30550,29850,30600,30350,3597617
2013-09-30,30300,30000,30750,30250,3883347
2013-10-01,30200,29800,30500,29950,3094789
2013-10-02,30650,30600,31250,31150,7077277
2013-10-04,31700,31550,32450,32450,10794205
2013-10-07,32750,32600,33100,32900,10211692
2013-10-08,32800,32450,32900,32750,20161933
2013-10-10,32750,32700,33900,33600,6362115
2013-10-11,33900,33100,34000,33350,6953280
2013-10-14,33100,32550,33400,33100,4504637
2013-10-15,33450,33250,33600,33450,2875473
2013-10-16,33800,33250,34300,33400,3964240
2013-10-17,33800,33400,33900,33800,3432731
2013-10-18,34000,33950,34650,34600,4896108
2013-10-21,34650,33900,35000,34100,4601446
2013-10-22,34000,32600,34000,32600,9113649
2013-10-23,32900,32500,33200,32500,5848372
2013-10-24,32500,32300,33150,33100,3285591
2013-10-25,32950,32500,33000,32600,3464261
2013-10-28,32650,32600,33250,33100,3104202
2013-10-29,33350,31900,33600,31950,6681059
2013-10-30,32300,32300,33000,32850,4858305
2013-10-31,32800,31950,32800,31950,4023353
2013-11-01,32150,32100,33300,33250,4753636
2013-11-04,33350,32950,33500,33050,2893775
2013-11-05,33000,32250,33050,32550,1860583
2013-11-06,32350,32350,32950,32500,1872076
2013-11-07,32600,32350,32750,32350,1825749
2013-11-08,32050,32050,32950,32250,2964930
2013-11-11,32400,31350,32700,31500,3518342
2013-11-12,31900,31700,32400,31950,3027493
2013-11-13,31850,31500,32000,31550,2266975
2013-11-14,32350,32000,32650,32300,3084645
2013-11-15,32550,32550,33800,33700,5187831
2013-11-18,33900,33500,34100,33750,2917194
2013-11-19,33700,33300,33850,33450,2790771
2013-11-20,33150,32350,33200,32500,4652929
2013-11-21,32400,31750,32450,32050,3397106
2013-11-22,32800,32250,32900,32400,3511174
2013-11-25,32800,32750,33400,33250,2869284
2013-11-26,33300,32750,33600,33600,3288876
2013-11-27,33750,33500,34700,34600,6944989
2013-11-28,35100,34850,35450,35450,6520172
2013-11-29,35550,35150,35900,35400,4030182
2013-12-02,35650,35250,35900,35700,3268831
2013-12-03,35500,34600,35700,34700,4945227
2013-12-04,34850,34750,35400,34800,3284235
2013-12-05,34550,34200,34900,34250,4205701
2013-12-06,34400,34400,35650,35500,4156598
2013-12-09,36000,35950,36700,36350,5211103
2013-12-10,36800,36400,37100,36500,5070477
2013-12-11,36500,36400,37150,36800,3600547
2013-12-12,36300,35850,36500,36450,5008826
2013-12-13,36300,35850,36600,36500,2488730
2013-12-16,36600,36550,37200,37150,3285802
2013-12-17,37500,36550,37550,36600,3534783
2013-12-18,36600,35450,36800,35550,4929380
2013-12-19,35950,34800,36150,34900,6726027
2013-12-20,35200,34900,35750,35300,3905267
2013-12-23,35600,35550,37000,37000,5630251
2013-12-24,37000,36550,37100,36750,2771057
2013-12-26,36900,35900,37000,36000,3738849
2013-12-27,36450,36350,36950,36650,2088963
2013-12-30,36800,36250,37000,36800,2537422
2014-01-02,37100,35550,37350,35550,4503101
2014-01-03,35700,35600,36450,36300,3866819
2014-01-06,36400,36350,37700,37650,5489696
2014-01-07,37350,37200,37950,37800,3365854
2014-01-08,38550,38150,39100,39000,6541929
2014-01-09,39150,38500,39250,38850,4456686
2014-01-10,38450,37700,38700,38500,4661839
2014-01-13,38350,38150,39000,38150,2173830
2014-01-14,37750,37350,38400,38400,2373406
2014-01-15,38700,36450,38750,36650,11312073
2014-01-16,36900,36050,37000,36550,5058860
2014-01-17,36600,36000,36850,36000,3390054
2014-01-20,36050,36050,36850,36850,3038514
2014-01-21,36950,36400,37100,36400,2458095
2014-01-22,36100,35000,36350,36300,8866139
2014-01-23,36300,35400,36650,35400,5413166
2014-01-24,35350,35350,36150,35900,4696232
2014-01-27,35100,35000,35550,35250,3810292
2014-01-28,35550,35250,36800,36800,5134501
2014-01-29,37100,37000,37900,37850,5768140
2014-02-03,37500,37450,38200,37950,3258954
2014-02-04,37350,36500,37400,36500,5123321
2014-02-05,36900,36000,37000,36650,3722340
2014-02-06,37050,37000,38600,38600,6520048
2014-02-07,39300,38900,39500,39300,6263133
2014-02-10,39400,39000,39950,39000,2749618
2014-02-11,39200,38950,39600,39000,1922133
2014-02-12,39600,39200,39850,39850,3365602
2014-02-13,39850,39700,40200,39900,3408592
2014-02-14,39950,39000,40100,39050,3144548
2014-02-17,39450,38400,39700,38700,3462266
2014-02-18,38800,38550,39000,38800,1740161
2014-02-19,38650,38500,39400,39150,2779561
2014-02-20,39400,38700,39650,38800,2634888
2014-02-21,39250,39050,39700,39300,3222452
2014-02-24,39100,38700,39350,38850,1853563
2014-02-25,39000,37850,39100,38650,5377950
2014-02-26,38500,38450,39700,39250,3372770
2014-02-27,39650,39100,39650,39500,2537038
2014-02-28,39700,38550,39700,38750,3571285
2014-03-03,38300,38200,38950,38950,2334413
2014-03-04,38600,38550,39050,38950,1659174
2014-03-05,39600,39200,39600,39450,2287413
2014-03-06,39450,38900,39450,39100,1894702
2014-03-07,39300,38300,39350,38550,3360351
2014-03-10,38350,37650,38650,37700,3290391
2014-03-11,37700,37650,38200,37750,2570762
2014-03-12,37550,37350,38050,37400,3136809
2014-03-13,37800,37700,38600,38050,2831772
2014-03-14,37550,37000,38300,37950,4047773
2014-03-17,37400,36600,37450,36700,4053729
2014-03-18,37200,36350,37400,36350,4067115
2014-03-19,36850,36550,37150,37000,3174111
2014-03-20,36900,36700,37400,36950,1966739
2014-03-21,37400,37400,38750,38700,4027721
2014-03-24,38750,38000,38800,38150,2911594
2014-03-25,38250,37500,38300,37600,2484259
2014-03-26,38100,37650,38400,38400,2520441
2014-03-27,38050,37550,38400,37700,2539853
2014-03-28,37850,37000,37900,37050,3497637
2014-03-31,37000,35550,37100,36000,8110589
2014-04-01,36650,36600,37100,37000,4963237
2014-04-02,37450,36800,37700,37050,3128863
2014-04-03,37300,36500,37350,36550,2239712
2014-04-04,36750,36600,37250,37250,3042845
2014-04-07,36800,36500,37000,37000,2614349
2014-04-08,36650,36650,37200,36750,2287296
2014-04-09,36900,36850,37700,37650,2781992
2014-04-10,37600,37400,37850,37700,1940111
2014-04-11,37450,36850,37600,37050,2678811
2014-04-14,37100,36900,37250,36900,1769488
2014-04-15,37450,37150,37950,37400,2511655
2014-04-16,37750,37550,37900,37650,2279437
2014-04-17,38050,37850,38300,38050,2518569
2014-04-18,39400,38900,39550,39200,6226765
2014-04-21,39300,39000,39500,39400,2012021
2014-04-22,39900,39750,40050,39800,4429639
2014-04-23,40200,40050,40850,40750,6302966
2014-04-24,40850,40150,40900,40900,4202633
2014-04-25,41100,40650,41350,40750,6413507
2014-04-28,40450,39900,40800,40500,2962593
2014-04-29,40250,39600,40500,39700,2864162
2014-04-30,39700,39650,40300,40150,2280636
2014-05-02,41200,40550,41350,40650,3374051
2014-05-07,41000,40900,41350,41100,2617891
2014-05-08,41450,40550,41450,40650,2228813
2014-05-09,40950,40250,41200,41150,2286422
2014-05-12,40900,40900,41600,41400,2028310
2014-05-13,41850,41700,42000,41700,2671855
2014-05-14,42200,41750,42200,42100,2857522
2014-05-15,41850,41600,42100,42000,2002289
2014-05-16,42000,41800,42300,42250,1793135
2014-05-19,42000,40750,42150,40900,3868734
2014-05-20,41100,41100,42000,42000,3173904
2014-05-21,41950,41650,42250,41900,2044792
2014-05-22,42400,42150,42750,42400,2314558
2014-05-23,42300,41950,42500,42350,2091017
2014-05-26,42600,42350,42750,42400,1337761
2014-05-27,42600,42050,42650,42200,1206673
2014-05-28,42750,42400,42750,42600,2267797
2014-05-29,42700,42450,42900,42600,2788250
2014-05-30,42600,42600,44150,44150,5719933
2014-06-02,44200,44150,45200,44700,2594762
2014-06-03,44250,44000,45050,44650,2452555
2014-06-05,45300,44850,46450,46450,3867206
2014-06-09,47000,46000,47450,46100,4008341
2014-06-10,46600,46500,47350,47350,2173265
2014-06-11,47550,46750,47950,47000,2699834
2014-06-12,48000,46850,48450,47400,3533745
2014-06-13,47000,46400,47200,47050,2038552
2014-06-16,46600,46400,48550,48350,2328428
2014-06-17,49000,48850,49850,49350,3064765
2014-06-18,49400,48850,49700,49000,8540327
2014-06-19,49850,49700,50700,50700,3832975
2014-06-20,50900,49100,50900,49400,7739475
2014-06-23,49250,48250,49700,48900,3331587
2014-06-24,49000,48950,50300,50300,3486605
2014-06-25,50200,49600,50900,49800,2370023
2014-06-26,50300,48050,50600,48750,4329921
2014-06-27,48350,47500,48500,47500,4132822
2014-06-30,47900,47850,48750,48550,3033278
2014-07-01,49450,48400,49450,48450,2661236
2014-07-02,49150,49000,50500,50400,4295212
2014-07-03,50700,50200,51000,50900,2679502
2014-07-04,51000,49550,51000,50400,2256886
2014-07-07,50400,49900,51700,51600,2222399
2014-07-08,51300,51100,52000,51900,2207233
2014-07-09,51500,49600,51500,49750,4902932
2014-07-10,49750,49300,50300,49300,2652157
2014-07-11,48950,48350,49250,48950,2438265
2014-07-14,49250,49100,50200,49350,2127881
2014-07-15,50300,49550,50400,49750,1757915
2014-07-16,50000,49900,51000,51000,2314317
2014-07-17,51600,51300,52400,51500,3615315
2014-07-18,50200,49900,51100,50800,2334689
2014-07-21,51300,50300,51700,50500,1627408
2014-07-22,50100,49650,51000,51000,2319621
2014-07-23,50900,49400,51000,49450,2861486
2014-07-24,49650,47450,49700,47550,7777210
2014-07-25,47800,47200,48300,47500,4385822
2014-07-28,47450,46400,47950,46550,5195081
2014-07-29,45200,44400,45700,44400,8507170
2014-07-30,45000,45000,46750,46750,6237617
2014-07-31,46050,45100,46500,45450,5587330
2014-08-01,44100,44000,46400,46300,5318497
2014-08-04,46400,46350,47900,47850,3226358
2014-08-05,48250,46500,48300,47300,3424229
2014-08-06,46750,45050,46800,45400,14682581
2014-08-07,45700,44650,46100,45200,3846213
2014-08-08,44500,43500,45000,44200,6182189
2014-08-11,44900,44500,45550,45000,3098675
2014-08-12,45000,43050,45150,43250,5457423
2014-08-13,43600,43500,44450,43900,3848799
2014-08-14,44500,43200,44800,43550,3825576
2014-08-18,44400,43650,44400,43850,2842982
2014-08-19,44250,43800,44550,43800,3046890
2014-08-20,44150,44100,45350,45350,3912499
2014-08-21,45800,45400,46350,45850,4749347
2014-08-22,46700,45350,46750,45950,2874325
2014-08-25,45850,45700,47300,47150,3083363
2014-08-26,47150,46550,47300,46700,2110839
2014-08-27,46700,45150,47000,45350,3858033
2014-08-28,45600,44400,45650,45600,3705945
2014-08-29,45100,45000,45700,45400,2167684
2014-09-01,45700,44500,45800,44500,1892686
2014-09-02,44700,43850,44950,44050,2171185
2014-09-03,43450,41700,43750,41800,8149751
2014-09-04,42450,41950,42850,42050,3744556
2014-09-05,42600,42500,43300,43200,3074526
2014-09-11,45700,43850,45700,43850,5791277
2014-09-12,44200,44050,44550,44500,1445681
2014-09-15,44300,42800,44400,42800,2371058
2014-09-16,42300,42300,43600,43500,2247094
2014-09-17,43850,43650,44450,44100,2721126
2014-09-18,43800,42800,44100,42900,1766197
2014-09-19,43400,43200,44200,44000,2586406
2014-09-22,43550,42850,43700,43250,1476639
2014-09-23,42900,42500,43550,42500,2203104
2014-09-24,42550,42500,44400,44200,3922847
2014-09-25,44400,44350,45450,44600,3632706
2014-09-26,44500,44300,45800,45600,3154902
2014-09-29,46500,46350,47450,47150,4912552
2014-09-30,46900,46250,47300,46750,3038001
2014-10-01,46750,46000,47200,46400,2482308
2014-10-02,46000,45700,47300,47100,2952839
2014-10-06,47850,43250,47850,44700,7288648
2014-10-07,44500,42950,45350,44700,5680210
2014-10-08,44500,43600,44850,44150,2053318
2014-10-10,42050,41850,42950,42200,4630979
2014-10-13,40350,40300,42150,41700,4361715
2014-10-14,41750,41550,43450,43300,2953492
2014-10-15,43200,43000,44000,43400,2372222
2014-10-16,43500,43450,45200,45100,3553225
2014-10-17,45000,43650,45750,44100,2900418
2014-10-20,44100,43550,45050,44900,1788929
2014-10-21,45050,44650,46000,45250,2147556
2014-10-22,46250,45900,46700,46300,2420313
2014-10-23,46300,45500,46800,45500,1829919
2014-10-24,46450,45050,46500,45300,2214244
2014-10-27,45800,44400,45900,44600,1722449
2014-10-28,45150,45000,46100,46000,2907131
2014-10-29,46350,45800,47000,47000,2638547
2014-10-30,47300,46400,47450,47200,2924313
2014-10-31,47550,46900,47550,47450,2577692
2014-11-03,48000,47600,48250,48050,2388430
2014-11-04,48300,47000,48300,47450,1888587
2014-11-05,47850,46900,47950,47200,1617220
2014-11-06,47750,47550,48200,47950,1555748
2014-11-07,47950,47000,47950,47400,1624430
2014-11-10,47500,47450,48100,47550,1583801
2014-11-11,48000,47200,48000,47600,1558513
2014-11-12,47900,47300,48300,48100,1960104
2014-11-13,48350,47600,48350,48100,1421799
2014-11-14,48500,47900,49200,49200,2592089
2014-11-17,49200,45700,49350,45900,5493082
2014-11-18,46500,46000,47150,46400,2798997
2014-11-19,47400,46900,47500,47150,1813849
2014-11-20,47000,46700,47350,47250,1104697
2014-11-21,47450,46000,47500,46450,1839020
2014-11-24,47250,46800,47300,47100,1416719
2014-11-25,48400,47800,48800,48500,2680733
2014-11-26,48600,48100,48700,48600,914772
2014-11-27,48700,47650,48700,47850,1558962
2014-11-28,48050,47700,48600,48050,1131555
2014-12-01,48050,47800,48500,47950,1444205
2014-12-02,47850,47300,48000,47700,1417999
2014-12-03,48300,47750,48500,48050,1199173
2014-12-04,48600,48150,48800,48700,1438113
2014-12-05,48800,48100,49150,48350,1335134
2014-12-08,49000,48500,49200,48650,2243336
2014-12-09,48800,48550,49950,49450,2775375
2014-12-10,49100,48550,49600,48850,1590462
2014-12-11,48300,47100,48400,47200,2702767
2014-12-12,47300,47000,47700,47550,1602103
2014-12-15,47100,46950,47850,47650,1182288
2014-12-16,47150,45900,47300,46500,2486899
2014-12-17,46500,46500,47150,46700,1652948
2014-12-18,47600,47000,47700,47700,1542575
2014-12-19,48500,48300,48900,48500,1910410
2014-12-22,48000,47100,48500,48250,1159184
2014-12-23,48050,47300,48500,47450,1169038
2014-12-24,47100,47100,47850,47800,842562
2014-12-26,47600,47000,47800,47000,1474213
2014-12-29,47100,47000,48500,48050,1750952
2014-12-30,48300,47500,48500,47750,1159390
2015-01-02,47950,47650,48400,47750,1155944
2015-01-05,48050,47500,48400,47650,1409146
2015-01-06,47000,46900,47600,47500,1661196
2015-01-07,46700,46700,47600,47400,1821266
2015-01-08,48250,47900,50000,49950,5006675
2015-01-09,50700,49700,51400,49700,3313929
2015-01-12,50000,49450,50500,50300,1709997
2015-01-13,48500,48500,49650,49000,3047952
2015-01-14,48900,48850,49850,48900,2241954
2015-01-15,48900,48850,49500,49500,1468474
2015-01-16,48450,47250,48900,47450,4820176
2015-01-19,47500,46800,47950,47000,3180759
2015-01-20,47250,46800,47650,47050,2211331
2015-01-21,47500,47400,48200,48050,2156709
2015-01-22,48100,47000,48450,47000,2905955
2015-01-23,47600,47200,47750,47500,1572903
2015-01-26,47250,47000,48300,48250,1410144
2015-01-27,49350,48800,49350,49150,2292330
2015-01-28,49150,48200,49300,49200,2333159
2015-01-29,48500,47300,49200,47400,5020783
2015-01-30,48000,47300,48000,47650,2743159
2015-02-02,47300,46350,47600,46600,3258140
2015-02-03,46450,46450,47450,46700,2513399
2015-02-04,47400,47000,47450,47300,1823018
2015-02-05,47300,46300,47400,47150,1984849
2015-02-06,47100,45200,47200,45500,4547785
2015-02-09,45300,45000,45950,45200,2741040
2015-02-10,45250,45050,45800,45150,2254222
2015-02-11,45900,45650,47050,46850,3231887
2015-02-12,47450,46600,47500,46650,1903965
2015-02-13,47000,46750,47450,47050,1354556
2015-02-16,47550,47200,47550,47500,1534022
2015-02-17,47350,46300,47450,46450,1677139
2015-02-23,46500,46400,47200,47200,2273267
2015-02-24,47900,47200,47900,47600,1880503
2015-02-25,47200,46400,47400,46500,2633709
2015-02-26,46750,46450,47200,47100,1938544
2015-02-27,47000,46250,47300,46600,2344677
2015-03-02,46850,46300,46900,46850,2246166
2015-03-03,47150,46650,47500,47300,2100433
2015-03-04,47300,45700,47300,45900,4160256
2015-03-05,45650,45250,46100,45500,2214809
2015-03-06,46050,45950,46400,46200,1877771
2015-03-09,45450,44850,45750,45100,3175721
2015-03-10,45200,43100,45500,44150,5232109
2015-03-11,43500,43150,44000,43400,4527681
2015-03-12,43400,43250,44100,43250,3929253
2015-03-13,43350,43350,44150,44100,1962212
2015-03-16,44400,44400,46000,45800,4031380
2015-03-17,46100,45850,46450,46250,2790117
2015-03-18,46250,45600,46400,46250,2790286
2015-03-19,46950,46300,47000,46400,1983215
2015-03-20,46450,45850,46850,46850,1948819
2015-03-23,47100,47050,48200,48150,3781841
2015-03-24,47700,47550,48200,48000,2155547
2015-03-25,48000,47850,48350,48300,1830867
2015-03-26,47250,46550,47500,47000,4469503
2015-03-27,46150,45400,46400,45800,4492231
2015-03-30,46000,45100,46350,45500,2776997
2015-03-31,46300,45450,46350,45550,2399612
2015-04-01,45950,44900,46200,45000,2051147
2015-04-02,44550,44100,45350,44800,3148519
2015-04-03,44300,44000,44800,44200,2834100
2015-04-06,44450,44250,45100,44750,2068077
2015-04-07,45000,43500,45050,43950,3691912
2015-04-08,43900,42450,44150,42600,5694496
2015-04-09,42000,41550,42550,41900,5892744
2015-04-10,42850,42700,43800,43600,6518647
2015-04-13,44400,43800,44500,44200,3362917
2015-04-14,44250,43700,44400,44000,2134645
2015-04-15,44000,44000,44500,44300,2146331
2015-04-16,44750,44150,44900,44500,2096120
2015-04-17,44700,44050,44750,44550,2153757
2015-04-20,44100,43600,44400,44250,2355455
2015-04-21,44600,44250,45500,45150,3270598
2015-04-22,45700,45250,46100,45250,3816002
2015-04-23,46400,45650,46800,45800,4995010
2015-04-24,46700,46500,47250,47200,4400132
2015-04-27,47300,45400,47500,45800,3688453
2015-04-28,46150,45700,46950,46950,2311231
2015-04-29,47050,46300,47400,46900,2422884
2015-04-30,46900,45650,46900,46150,2419318
2015-05-04,46500,46400,47100,46800,2239896
2015-05-06,46300,45000,46350,45300,3291950
2015-05-07,44850,44550,46000,45900,2142745
2015-05-08,45300,45050,46300,45950,1695019
2015-05-11,46100,46000,46700,46300,1592730
2015-05-12,46300,46000,47250,46050,2364231
2015-05-13,46100,45200,46150,45250,1896100
2015-05-14,45650,45200,46050,45550,1889682
2015-05-15,45750,45200,45950,45300,1215027
2015-05-18,45100,44400,45450,45450,2195599
2015-05-19,45650,45500,46150,46100,1510095
2015-05-20,46500,46400,46900,46850,1784488
2015-05-21,47000,46200,47500,46350,1880002
2015-05-22,46750,46350,47850,47850,3953338
2015-05-26,48500,47800,49150,48000,3594626
2015-05-27,48000,47500,48800,48450,3441135
2015-05-28,49450,49150,50000,49650,5512264
2015-05-29,49350,49200,51300,51100,6512595
2015-06-01,50600,49550,50900,50600,4623131
2015-06-02,50700,50300,51500,51200,2173205
2015-06-03,51000,49600,51700,49800,2724813
2015-06-04,49500,48100,49600,48300,3262007
2015-06-05,48300,48150,49550,49050,2134371
2015-06-08,48600,48000,48800,48050,1954503
2015-06-09,47750,47200,48300,48000,2168902
2015-06-10,48000,47500,48000,47500,2649918
2015-06-11,47800,47050,47900,47100,2696182
2015-06-12,47750,46450,47800,46550,2307036
2015-06-15,46550,46050,47100,46150,1775422
2015-06-16,45250,44200,45300,44200,6161260
2015-06-17,44250,44250,45250,44950,3461566
2015-06-18,44900,44300,44950,44300,2225236
2015-06-19,44350,43500,44550,43550,3858378
2015-06-22,43800,43550,44150,43850,2843715
2015-06-23,44350,44000,44600,44150,2676531
2015-06-24,44250,43150,44250,43350,2694795
2015-06-25,43100,42800,43400,43100,3270655
2015-06-26,41550,41550,42250,42000,7935060
2015-06-29,41000,40600,43050,42600,4892150
2015-06-30,42650,41950,42800,42300,2598797
2015-07-01,42800,42250,43200,42800,2126825
2015-07-02,43000,42000,43000,42100,2592544
2015-07-03,42700,42200,43100,42650,2903385
2015-07-06,42000,40350,42050,40750,4533535
2015-07-07,41200,41000,41850,41350,3183795
2015-07-08,41100,40750,41300,40900,3335846
2015-07-09,40400,39600,41050,40950,3018029
2015-07-10,41250,40350,41300,40850,2738522
2015-07-13,41450,40500,41850,40550,3707444
2015-07-14,40600,37800,40650,37850,15180511
2015-07-15,38400,38350,39400,39300,8281669
2015-07-16,39000,38650,39500,39450,2373825
2015-07-17,39500,38700,40500,39950,3352178
2015-07-20,40150,38650,40350,38650,2535208
2015-07-21,38950,38500,39350,39050,2531422
2015-07-22,39000,37750,39000,38200,3986610
2015-07-23,40000,38600,40300,39000,8215778
2015-07-24,39250,38500,39450,38550,3411382
2015-07-27,38500,36850,38850,37250,4142170
2015-07-28,36500,36500,37650,37100,3657208
2015-07-29,37450,36800,37600,37000,3040352
2015-07-30,36550,34050,36800,34500,9328208
2015-07-31,34800,34750,37100,37100,7074785
2015-08-03,36500,35500,37100,35950,5481242
2015-08-04,35450,35450,37950,37250,4060733
2015-08-05,37850,37000,38300,37300,3330999
2015-08-06,37750,36050,37750,36100,3888988
2015-08-07,35650,35050,36450,36200,3381532
2015-08-10,36200,35750,36400,36300,1336480
2015-08-11,36300,36100,37200,36100,2890084
2015-08-12,35600,35400,36400,35800,2824462
2015-08-13,35900,35850,36900,36900,2748437
2015-08-17,37300,35650,37400,35650,3808016
2015-08-18,35800,34700,36400,35050,4706366
2015-08-19,34500,32650,34800,33000,8813242
2015-08-20,33050,32850,33550,33050,4588759
2015-08-21,31400,31400,32250,32000,6084203
2015-08-24,31600,30300,32350,31050,8593829
2015-08-25,31300,31300,33950,33500,11821629
2015-08-26,33500,32850,34200,33450,6534943
2015-08-27,34200,34150,35500,35500,7063277
2015-08-28,36550,36300,37700,36900,7382006
2015-08-31,36850,35650,36850,35800,4408499
2015-09-01,35150,34200,35450,34400,6442285
2015-09-02,33500,33350,34600,34350,4161070
2015-09-03,34850,34700,35700,35400,4222565
2015-09-04,35500,34650,35950,34850,2438126
2015-09-07,34800,34300,35100,34750,1624613
2015-09-08,35000,34600,35100,34750,1494929
2015-09-09,35800,35650,36500,36000,3035809
2015-09-10,35400,35400,35950,35950,3079224
2015-09-11,35450,35000,35750,35000,3242067
2015-09-14,35300,34350,35450,34600,2163452
2015-09-15,34500,33350,34600,33600,3880824
2015-09-16,33800,33800,35350,35100,3876376
2015-09-17,35750,35350,36450,36150,4734065
2015-09-18,36400,35450,36450,35750,3267741
2015-09-21,35200,34700,35250,34800,2538367
2015-09-22,34900,34700,35150,34900,2004067
2015-09-23,34500,34350,35250,34700,1641929
2015-09-24,34900,33600,34950,33850,4172759
2015-09-25,33750,33400,34400,34350,2813254
2015-09-30,33700,33350,33800,33550,4158644
2015-10-01,33750,33500,33950,33700,3667742
2015-10-02,34200,33800,34750,34550,3052650
2015-10-05,35250,35100,35950,35350,4367169
2015-10-06,36300,36250,37200,37200,5944141
2015-10-07,37050,36800,37700,37300,3879936
2015-10-08,38000,36600,38100,37550,3824312
2015-10-12,37550,36700,37550,36850,2519174
2015-10-13,36800,35800,37150,36000,2961513
2015-10-14,36300,35900,37050,36400,3720738
2015-10-15,35950,35850,36800,36750,2943506
2015-10-16,36900,36000,37050,36100,1899386
2015-10-19,36150,35600,36200,35750,1967828
2015-10-20,36000,35250,36150,35700,2686193
2015-10-21,35000,33600,35000,33650,9957394
2015-10-22,33200,31850,33450,31950,10914420
2015-10-23,32400,32050,32950,32100,6341772
2015-10-26,32350,32300,33100,32900,3326112
2015-10-27,32100,32050,32650,32150,3535671
2015-10-28,32150,31400,32450,31450,4322506
2015-10-29,31700,31300,32150,31450,4273016
2015-10-30,31150,30450,31200,30700,4640184
2015-11-02,30700,30400,32250,32150,4493014
2015-11-03,32500,31550,33000,31900,4453120
2015-11-04,32500,32100,32700,32600,3276995
2015-11-05,32350,32200,32700,32650,1928001
2015-11-06,32350,31050,32400,31200,5219855
2015-11-09,30900,30400,31300,31250,3563095
2015-11-10,30850,30600,31350,31150,2724051
2015-11-11,30700,30550,31200,31000,2898877
2015-11-12,30950,30700,31000,30700,1537585
2015-11-13,30500,30500,31600,31150,1962129
2015-11-16,30600,30500,30950,30500,2351453
2015-11-17,31050,30600,31150,30600,1935683
2015-11-18,30600,30050,30800,30550,3137103
2015-11-19,30800,30700,31600,31200,2525784
2015-11-20,31500,31000,31750,31000,2097039
2015-11-23,31150,30600,31250,30650,2430154
2015-11-24,30600,30100,30850,30200,3308696
2015-11-25,30400,30400,32000,31900,6941459
2015-11-26,32400,32250,34150,32750,13223992
2015-11-27,33200,32000,33600,32000,3890920
2015-11-30,32050,31600,32650,31600,3917877
2015-12-01,31650,30900,31650,31350,3752942
2015-12-02,31550,31200,31900,31200,2731791
2015-12-03,31050,30850,31350,31150,1730137
2015-12-04,30700,30600,31450,31200,2125421
2015-12-07,31450,30700,31700,30700,2238378
2015-12-08,30500,30050,30750,30200,2483443
2015-12-09,30100,30100,30550,30250,1524501
2015-12-10,30200,30050,30550,30300,3145787
2015-12-11,30200,29600,30550,29850,2725258
2015-12-14,29000,28550,29350,29000,3669577
2015-12-15,29050,28800,29600,29400,2006190
2015-12-16,30050,29900,30500,30400,2601080
2015-12-17,30250,29800,30550,30250,2210682
2015-12-18,29800,29800,30700,30600,2854920
2015-12-21,30450,30250,30800,30500,1576561
2015-12-22,31000,30800,32200,32200,6861264
2015-12-23,32100,31900,33000,32700,5331047
2015-12-24,32950,31700,33150,31700,3624175
2015-12-28,31750,30900,31850,30900,2535636
2015-12-29,30900,30800,31550,31200,1965713
2015-12-30,31100,30550,31450,30750,1801261
2016-01-04,30550,30150,30750,30150,1878039
2016-01-05,30500,30350,31200,30600,2482905
2016-01-06,30600,30300,30900,30750,2461593
2016-01-07,30400,30200,30750,30200,2424880
2016-01-08,29800,29550,30100,29700,3967121
2016-01-11,29400,28600,29500,28650,5358223
2016-01-12,28600,27700,28900,27800,4418384
2016-01-13,28100,28000,28450,28100,3481523
2016-01-14,27300,27200,27900,27900,3957935
2016-01-15,27950,26800,28300,26800,5431851
2016-01-18,25900,25800,27000,26700,3658921
2016-01-19,26700,26700,28300,28300,4291742
2016-01-20,28050,26750,28100,26800,4186899
2016-01-21,26600,26600,27250,26600,2840628
2016-01-22,27200,27000,27600,27150,2361216
2016-01-25,27550,27300,28200,28000,2977310
2016-01-26,28000,27750,29100,27850,5351814
2016-01-27,28100,27250,28350,27650,3205822
2016-01-28,27450,26850,27750,27650,3035447
2016-01-29,27250,26950,27350,27300,2898720
2016-02-01,28100,27700,28650,28400,4767927
2016-02-02,28450,28150,28800,28450,2865209
2016-02-03,27600,27200,27850,27450,2705269
2016-02-04,27700,27600,28150,28100,2459305
2016-02-05,28100,27900,28350,28100,1484771
2016-02-11,27000,26950,27400,27150,2468082
2016-02-12,26850,26850,27750,27350,2429857
2016-02-15,27750,27500,28200,27700,2162111
2016-02-16,27850,27800,29000,28900,3851681
2016-02-17,29250,29150,30300,30050,6106318
2016-02-18,30550,29800,30850,30200,2972873
2016-02-19,29950,29250,30050,29600,2336536
2016-02-22,29400,29400,30000,29900,1366180
2016-02-23,30100,30000,30600,30400,2123648
2016-02-24,31050,30600,31250,30900,3480563
2016-02-25,31400,30650,31500,30800,2527297
2016-02-26,31000,30450,31100,30800,1282277
2016-02-29,30800,29600,30900,30000,2989861
2016-03-02,31050,30650,31300,30950,3567312
2016-03-03,31550,31100,32000,31950,3898363
2016-03-04,31800,31550,32100,31900,1913316
2016-03-07,32150,31500,32250,31900,3487206
2016-03-08,31200,30300,31500,30500,4616147
2016-03-09,29900,29650,30550,30550,3503375
2016-03-10,30550,30150,30650,30300,2734070
2016-03-11,29900,29900,30850,30700,2117430
2016-03-14,31100,30250,31100,30350,2062549
2016-03-15,30350,29750,30550,29900,2078857
2016-03-16,29900,29050,29950,29200,2902896
2016-03-17,29350,29100,29750,29250,2768278
2016-03-18,29500,29250,29900,29450,2864640
2016-03-21,29800,29300,29850,29550,1783055
2016-03-22,29700,29550,30200,30200,2546366
2016-03-23,30100,29850,30450,30250,1868041
2016-03-24,29850,29350,29900,29450,3587082
2016-03-25,29450,28900,29500,29150,1978956
2016-03-28,29000,28150,29050,28550,2795412
2016-03-29,28850,28700,29150,28900,2343876
2016-03-30,29150,28650,29500,28650,3512889
2016-03-31,28700,28000,28850,28150,4336581
2016-04-01,28450,28050,28500,28200,2991431
2016-04-04,28100,27800,28150,27900,2823088
2016-04-05,27900,27600,28100,27850,2032745
2016-04-06,27550,27450,27850,27500,2410844
2016-04-07,27450,26750,27450,26900,4588396
2016-04-08,26950,26900,27800,27800,3718690
2016-04-11,27600,27150,27700,27150,2425426
2016-04-12,27200,27100,27550,27150,1850577
2016-04-14,27600,27250,27850,27250,4761215
2016-04-15,27450,27350,27800,27650,2785108
2016-04-18,28000,27200,28150,27200,3861103
2016-04-19,27500,27350,27550,27450,1843729
2016-04-20,27500,27500,28000,27550,3231788
2016-04-21,27700,27500,27950,27550,2999400
2016-04-22,27450,27350,27800,27500,1556764
2016-04-25,27650,27350,27800,27500,1506644
2016-04-26,27550,27550,29200,29150,7750203
2016-04-27,29300,29000,29750,29150,6213757
2016-04-28,29100,27850,29150,27900,6766879
2016-04-29,27700,27500,28250,28150,2878692
2016-05-02,27950,27750,28300,27850,1306092
2016-05-03,27950,27650,28100,27650,1373116
2016-05-04,27450,26500,27500,26650,4388484
2016-05-09,26150,25700,26550,25750,5291220
2016-05-10,25750,25750,26400,26400,2564593
2016-05-11,26500,26100,26550,26200,1735332
2016-05-12,26050,25850,26250,26100,1759282
2016-05-13,26100,25900,26250,26100,1849910
2016-05-16,26100,25900,26300,26100,1337159
2016-05-17,26250,25900,26300,25900,1545947
2016-05-18,25800,25650,26400,26200,2474774
2016-05-19,26750,26400,26900,26600,4367007
2016-05-20,26600,26250,26650,26300,2245019
2016-05-23,26800,26650,27450,27200,4534043
2016-05-24,27350,26700,27350,26850,2428278
2016-05-25,27450,26950,27450,27050,2250906
2016-05-26,27150,26850,27200,27000,1938084
2016-05-27,27200,27150,28750,28650,7719656
2016-05-30,28850,28650,29400,29000,5492886
2016-05-31,28650,28200,29000,28700,5414611
2016-06-01,28850,28400,29000,28500,3630711
2016-06-02,28600,28000,29050,28050,3443745
2016-06-03,28150,27400,28450,27600,3680988
2016-06-07,27700,27650,28750,28650,4435065
2016-06-08,29050,28450,29300,28550,3940058
2016-06-09,28700,28650,29400,29000,5336122
2016-06-10,29150,28700,29200,29000,2413698
2016-06-13,28650,28000,28700,28350,2607031
2016-06-14,28150,28150,29300,29050,3490535
2016-06-15,29350,29300,30150,29950,5751526
2016-06-16,30250,29350,30400,29650,3687253
2016-06-17,30000,28750,30000,29000,2891783
2016-06-20,29800,29050,30050,30050,4501015
2016-06-21,30050,29550,30150,29800,2376833
2016-06-22,30200,30000,30950,30950,5122638
2016-06-23,30900,30850,31800,31750,7147499
2016-06-24,32800,30450,33100,31800,16852175
2016-06-27,31350,31050,32050,32050,6146337
2016-06-28,31150,30650,31600,31150,5072467
2016-06-29,31800,31700,32200,31800,3801424
2016-06-30,32000,31700,32550,32400,4571310
2016-07-01,31800,31600,32700,32150,5289586
2016-07-04,32250,32050,32900,32750,3192033
2016-07-05,32650,31850,32650,31850,2577231
2016-07-06,31100,30300,31350,30600,6314347
2016-07-07,30750,30600,31350,30650,2715183
2016-07-08,30700,30550,31250,31050,2424460
2016-07-11,31750,31650,32300,32000,3938161
2016-07-12,32250,31550,32300,32000,2523664
2016-07-13,32700,32450,32950,32650,3779418
2016-07-14,32500,32450,33300,33050,3145494
2016-07-15,33300,32650,33500,32700,2580255
2016-07-18,32900,32500,33100,32750,1515167
2016-07-19,32900,31950,33000,32450,2340759
2016-07-20,32300,31850,32400,32100,1775583
2016-07-21,32400,32100,32800,32150,1879147
2016-07-22,32150,31200,32150,32000,2442893
2016-07-25,32300,32150,32650,32500,2147590
2016-07-26,32400,31100,32400,32050,5028045
2016-07-27,32600,32550,33450,33450,4762165
2016-07-28,33150,33000,33550,33550,3586965
2016-07-29,33550,33450,34400,34400,4660512
2016-08-01,34700,34600,35300,34850,3274413
2016-08-02,34600,33650,34700,33750,2123735
2016-08-03,33300,33000,34400,33550,2698841
2016-08-04,33950,33350,34200,33650,1477680
2016-08-05,34300,33950,34900,34800,2830058
2016-08-08,35150,34400,35250,34950,2157854
2016-08-09,34850,34450,35200,35050,2112078
2016-08-10,34900,33650,35000,33800,3193311
2016-08-11,33700,33450,34800,34800,2980478
2016-08-12,34450,34200,35100,34350,2437735
2016-08-16,34950,33700,34950,33700,2883043
2016-08-17,33750,32900,33900,33550,2083372
2016-08-18,33550,33550,34250,34150,1855081
2016-08-19,34400,34200,35400,35400,4683750
2016-08-22,35500,35250,36050,36000,4149396
2016-08-23,36250,35550,36300,35600,3014421
2016-08-24,35900,35300,35950,35750,1689924
2016-08-25,35100,34900,35750,35700,1568516
2016-08-26,35850,35750,36350,36250,2635343
2016-08-29,35350,35300,36400,36250,2782441
2016-08-30,36800,35550,36950,36300,2766460
2016-08-31,36400,35750,36450,36450,2832970
2016-09-01,36400,35700,36400,36100,1713669
2016-09-02,36100,35950,36700,36650,1828390
2016-09-05,36900,36850,37500,37500,2337575
2016-09-06,37750,37350,38000,38000,2123160
2016-09-07,38200,37900,38800,37900,3786844
2016-09-08,37900,37900,38700,38700,3698781
2016-09-09,38550,38350,39000,38950,2748415
2016-09-12,37500,37000,38300,37000,4885896
2016-09-13,37600,37500,38300,37800,3928646
2016-09-19,38700,38250,39450,39200,5283684
2016-09-20,39200,38750,39450,39250,2594490
2016-09-21,39000,38650,39150,39150,1731450
2016-09-22,39800,39150,39800,39400,3214630
2016-09-23,39550,39050,39650,39350,2095120
2016-09-26,39350,38800,39500,39500,1669862
2016-09-27,39400,39150,41150,41150,4001505
2016-09-28,41300,40950,42000,41200,4189804
2016-09-29,40600,40150,40750,40200,3976705
2016-09-30,39750,39600,40950,40200,3764773
2016-10-04,41500,41000,41800,41800,3639803
2016-10-05,42150,41200,42950,42600,4387312
2016-10-06,43100,42400,43150,42550,2815496
2016-10-07,42700,41900,42700,42200,2637734
2016-10-10,42200,41200,42500,41300,2916252
2016-10-11,41300,41100,42000,41300,2810503
2016-10-12,41000,41000,41900,41250,3521492
2016-10-13,41450,40950,41700,40950,3638071
2016-10-14,41300,41200,41900,41550,2708972
2016-10-17,41750,41400,42300,42300,2314725
2016-10-18,42200,41300,42300,41650,2559222
2016-10-19,41150,39850,41450,40050,5033246
2016-10-20,40250,38850,40300,40050,5423960
2016-10-21,39500,39500,41000,40950,2436212
2016-10-24,41000,39850,41150,40150,2211109
2016-10-25,40350,40200,41650,41050,4469224
2016-10-26,41300,41300,42900,42900,6364037
2016-10-27,42900,42600,43600,43000,4814197
2016-10-28,42700,42100,42950,42450,2251179
2016-10-31,42500,41000,42900,41000,3297943
2016-11-01,41700,41600,42350,42000,3173446
2016-11-02,41250,40450,41400,41000,2822651
2016-11-03,40900,40700,41700,41150,2580396
2016-11-04,41150,40850,41400,41200,2600930
2016-11-07,41800,41200,42050,41500,2033220
2016-11-08,42100,41250,42150,41500,1882987
2016-11-09,41650,38700,41750,39650,5779291
2016-11-10,41000,40500,41050,41000,2520434
2016-11-11,40000,39550,40450,39850,2962651
2016-11-14,40000,39700,40450,39700,1589911
2016-11-15,39700,39500,40400,39700,2030086
2016-11-16,40450,40250,41000,40850,2101878
2016-11-17,41500,41200,41900,41900,2383464
2016-11-18,42300,41700,42400,42000,3331134
2016-11-21,41800,40650,41900,40750,1883627
2016-11-22,41250,41200,42800,42700,3306186
2016-11-23,43000,42550,43900,43050,4047443
2016-11-24,43350,42500,43850,42650,1789745
2016-11-25,43050,42250,43300,42600,1328958
2016-11-28,42400,42100,43250,42600,1513215
2016-11-29,42400,41800,43100,42400,1777480
2016-11-30,42900,42650,43800,42900,4325524
2016-12-01,43000,43000,44400,44200,3491185
2016-12-02,43350,43300,44500,44400,4244113
2016-12-05,44050,43800,44600,44400,1703219
2016-12-06,44700,44600,45500,45200,3099065
2016-12-07,45750,45200,45800,45250,1984369
2016-12-08,46200,46100,46650,46250,3313157
2016-12-09,46450,45450,46750,45500,3003326
2016-12-12,45750,44850,45850,45300,1440589
2016-12-13,44700,44700,45700,44950,1822952
2016-12-14,45350,45350,46100,45850,2010708
2016-12-15,45850,45000,46050,45600,1828843
2016-12-16,45800,45700,46450,46400,2100809
2016-12-19,46250,45050,46300,45150,1997194
2016-12-20,45400,44950,45550,45150,1110753
2016-12-21,45500,45000,45750,45000,1662010
2016-12-22,46000,45150,46650,45500,4045912
2016-12-23,46200,45950,46400,46300,2982024
2016-12-26,46200,45250,46600,45650,1603230
2016-12-27,45550,45400,45950,45650,1175619
2016-12-28,45350,45100,45750,45350,1296254
2016-12-29,45150,44600,45200,44700,1808856
2017-01-02,44750,44600,46000,45800,1547681
2017-01-03,46200,46200,47300,47250,2655477
2017-01-04,47000,46200,47150,46500,2722599
2017-01-05,47000,46850,47500,46950,2377163
2017-01-06,47700,47600,48450,48000,3166843
2017-01-09,48500,48200,49750,49550,3871999
2017-01-10,49850,49200,50200,49750,2561968
2017-01-11,50000,50000,51900,51600,4360058
2017-01-12,51600,50400,51600,50600,5060622
2017-01-13,49850,49850,50700,50300,4219771
2017-01-16,50100,48800,50300,49300,4974924
2017-01-17,49300,49250,50200,49300,2309955
2017-01-18,48950,48300,49400,48850,2974091
2017-01-19,49550,49100,50100,49600,2332268
2017-01-20,49700,49150,50100,49150,1943195
2017-01-23,49950,49900,51000,50800,4148659
2017-01-24,51300,51100,52000,51600,3449130
2017-01-25,52200,51600,52500,51700,2715809
2017-01-26,52500,52400,53500,53300,4517114
2017-01-31,53300,52700,54500,53700,4118790
2017-02-01,54300,53700,54900,54000,2813046
2017-02-02,53500,52700,54000,52800,3486140
2017-02-03,52500,51800,53700,53700,3718619
2017-02-06,54200,53300,54400,53700,1897002
2017-02-07,53800,53100,54500,53300,2405891
2017-02-08,53700,52400,54600,54600,3552260
2017-02-09,53100,52500,53700,52700,6547266
2017-02-10,52000,50000,52200,50000,9120878
2017-02-13,49550,49500,51000,50700,4124290
2017-02-14,51100,48100,51600,48450,8593878
2017-02-15,48300,47550,48700,47900,8725221
2017-02-16,48350,48200,49600,49600,4840918
2017-02-17,50400,50200,51100,50400,4927937
2017-02-20,50900,49600,51000,49900,2265276
2017-02-21,49950,49350,51000,50900,2227708
2017-02-22,51600,50600,51700,50600,2678429
2017-02-23,50000,49050,50400,50200,3374139
2017-02-24,49850,47400,50000,47500,7707747
2017-02-27,46850,45650,47000,46000,7604699
2017-02-28,46600,46200,47600,46700,5588155
2017-03-02,46850,46800,47850,47700,7093071
2017-03-03,47650,46700,48250,47100,3937032
2017-03-06,47600,47550,49400,49350,5045970
2017-03-07,49100,48050,49300,48800,3439908
2017-03-08,48800,47900,49300,48000,3728263
2017-03-09,48200,48000,48850,48000,2957372
2017-03-10,48100,47500,49550,49200,3849912
2017-03-13,49550,49300,51100,51000,4948062
2017-03-14,51800,50300,51900,50300,4024138
2017-03-15,49350,48550,49500,48800,4688787
2017-03-16,49350,48500,49650,49150,3458839
2017-03-17,48400,46600,48400,46750,8098258
2017-03-20,46950,46550,47650,47600,3929405
2017-03-21,47900,47000,48250,47550,3720816
2017-03-22,47000,47000,48800,48650,4157526
2017-03-23,48950,48150,49300,48450,2473925
2017-03-24,50000,49300,50200,49500,5174622
2017-03-27,50000,49950,51100,50700,5607032
2017-03-28,51200,50000,51300,50800,2862493
2017-03-29,51000,50800,52200,51300,4154277
2017-03-30,51100,50200,51500,50900,2204243
2017-03-31,50800,49900,50800,50500,2682196
2017-04-03,50800,50700,51900,51800,2361892
2017-04-04,52100,50800,52200,51000,2192884
2017-04-05,50600,49950,51000,50300,2758658
2017-04-06,50300,49100,50500,49400,2991825
2017-04-07,49450,48700,49800,49800,2645476
2017-04-10,49700,48950,49750,49000,1824895
2017-04-11,48550,48400,49350,48850,2384127
2017-04-12,48800,48550,49200,49000,1694663
2017-04-13,49100,48650,50200,49750,2367158
2017-04-14,49750,49450,50700,49800,2845128
2017-04-17,50200,49100,50300,49200,2002100
2017-04-18,49600,49300,50400,50200,1899560
2017-04-19,50300,49850,50400,49850,1587172
2017-04-20,49750,49700,51700,51400,3573280
2017-04-21,51800,51300,52500,52000,3834454
2017-04-24,52700,52100,53200,52400,3158545
2017-04-25,52800,51300,52800,52400,5312931
2017-04-26,53100,53000,54200,53700,5609007
2017-04-27,53800,52700,53900,53600,2743963
2017-04-28,53600,53400,54700,54000,3573387
2017-05-02,55300,54800,55900,55400,4347745
2017-05-04,55900,55000,55900,55900,2780438
2017-05-08,56000,55700,57000,56900,3818771
2017-05-10,57400,55200,58100,55600,4766870
2017-05-11,56000,54800,56400,56400,3509393
2017-05-12,56400,55100,56400,55300,2303244
2017-05-15,55300,55300,56100,55600,1542366
2017-05-16,56200,55200,56800,55300,2546047
2017-05-17,55400,54400,55700,54700,2485465
2017-05-18,53600,53400,55700,55700,3494997
2017-05-19,55100,54200,55600,54200,2860160
2017-05-22,54900,54800,56000,56000,2544180
2017-05-23,56400,55000,56500,55100,2410542
2017-05-24,55700,55600,56500,55800,2324952
2017-05-25,56400,55400,56400,55800,1996135
2017-05-26,56000,56000,57100,57100,3145737
2017-05-29,57700,57100,58800,57900,3294700
2017-05-30,58200,56600,58400,57400,2368225
2017-05-31,57400,56500,57900,57000,3314659
2017-06-01,56700,56100,56900,56400,2006611
2017-06-02,56900,56400,57500,57100,2481215
2017-06-05,57200,55900,57200,56100,2525078
2017-06-07,55900,55400,56900,56500,3040030
2017-06-08,56500,56200,57000,56700,3943311
2017-06-09,56700,56500,58400,58300,4799560
2017-06-12,57200,56800,57900,57500,2650404
2017-06-13,57700,56900,58900,58800,3431811
2017-06-14,59200,58800,60000,59300,4441904
2017-06-15,59300,59300,61000,60600,4549233
2017-06-16,61100,59900,61600,60500,3932203
2017-06-19,61300,61300,63200,62800,5315543
2017-06-20,64700,63700,65400,64000,6519471
2017-06-21,63300,62900,66300,64800,5650669
2017-06-22,66500,64500,66500,65000,4977159
2017-06-23,64500,63500,65400,65000,3189590
2017-06-26,65000,65000,67500,67500,3516630
2017-06-27,68200,67000,69600,69200,4951341
2017-06-28,68100,66800,69200,67200,5520578
2017-06-29,67900,67100,68800,68500,3702501
2017-06-30,67400,67000,67800,67400,3230282
2017-07-03,66500,65500,66900,66300,3763473
2017-07-04,65900,65300,67100,65800,2895782
2017-07-05,65600,65300,68200,68000,4557456
2017-07-06,69000,67500,69400,68100,4048922
2017-07-07,67600,66100,68400,66600,3242213
2017-07-10,67000,65700,67500,67300,2667048
2017-07-11,67400,66900,69000,69000,3187332
2017-07-12,68700,68400,69500,68900,3462150
2017-07-13,69500,69200,71900,70600,5432312
2017-07-14,71400,70700,72200,71100,2931832
2017-07-17,71800,70200,71900,71200,2804598
2017-07-18,70700,70600,71800,70800,2066194
2017-07-19,71200,70000,71200,71000,2009799
2017-07-20,71400,70800,71700,71300,1647153
2017-07-21,70800,70300,71300,71200,1599111
2017-07-24,71300,71000,73000,73000,3598173
2017-07-25,72900,70100,73000,70400,6028435
2017-07-26,69600,66700,69900,66800,9659618
2017-07-27,66800,66800,69500,68400,6177375
2017-07-28,67800,64200,67900,64600,8093780
2017-07-31,63700,63700,66000,66000,4769724
2017-08-01,65300,64700,66500,65500,3744523
2017-08-02,67900,66600,68200,68000,4161592
2017-08-03,67900,65200,67900,65500,4992104
2017-08-04,65100,63200,66100,64000,5938549
2017-08-07,64000,63700,65000,64100,3518575
2017-08-08,64900,64800,66400,66300,4372768
2017-08-09,65400,64000,65400,64200,4037319
2017-08-10,63700,63200,64600,64400,4474120
2017-08-11,62000,61400,63000,61400,6664578
2017-08-14,63000,62300,65100,65100,5239246
2017-08-16,67200,65800,67300,66100,4714899
2017-08-17,66800,66100,67300,66400,3709768
2017-08-18,64900,64800,67300,67000,3130891
2017-08-21,67300,66600,67800,67200,2570150
2017-08-22,67400,67200,68200,68200,2208365
2017-08-23,69000,67600,69000,68000,3072911
2017-08-24,68200,67500,68700,68100,2333347
2017-08-25,68300,67600,68400,68400,1862764
2017-08-28,68000,67100,68100,67900,1843458
2017-08-29,67300,66400,67900,67600,2967906
2017-08-30,68300,68100,68900,68500,2118742
2017-08-31,68900,68200,69300,68600,2054717
2017-09-01,69000,67700,69200,68700,2304425
2017-09-04,66600,66600,68600,68100,3234465
2017-09-05,68600,67900,70100,69900,4026248
2017-09-06,69900,69700,71900,71700,4476200
2017-09-07,71600,71200,72800,71400,3877849
2017-09-08,72000,71500,72800,72600,2868673
2017-09-11,73600,73200,74200,73800,3321612
2017-09-12,74800,73500,74900,74700,3676865
2017-09-13,75000,74300,77400,75700,5682708
2017-09-14,76300,75700,76800,76800,3366621
2017-09-15,76100,76000,77500,77200,2725277
2017-09-18,78200,77700,80000,79700,3638325
2017-09-19,80100,78500,80500,79200,3934389
2017-09-20,79300,78400,81200,80700,5268665
2017-09-21,81100,80400,83400,83100,6961713
2017-09-22,82900,82000,84300,83100,5970218
2017-09-25,83600,83600,86300,86300,4656285
2017-09-26,84100,81000,85100,82100,11035272
2017-09-27,83100,81400,83800,82400,5029200
2017-09-28,84500,82500,85500,83200,4817018
2017-09-29,83300,82200,84300,82900,3579139
2017-10-10,86300,85300,90000,88700,7956055
2017-10-11,89900,88100,90300,89100,5500820
2017-10-12,89200,88100,89900,88500,4313702
2017-10-13,88500,85600,88500,86100,6101810
2017-10-16,86100,82800,87100,84200,6985619
2017-10-17,85700,83500,86600,83500,6802500
2017-10-18,83200,80000,83300,80900,9070685
2017-10-19,79900,79000,81800,79000,7675978
2017-10-20,79800,79600,82400,81200,6911051
2017-10-23,82600,82100,84700,84700,5388391
2017-10-24,84000,81600,84200,81800,5236092
2017-10-25,82100,80300,82600,81700,3914170
2017-10-26,80000,78500,82000,78700,7528077
2017-10-27,78100,76500,78700,78400,8929263
2017-10-30,79600,79100,81300,79800,5883529
2017-10-31,80000,79200,82700,82200,6620890
2017-11-01,86000,84000,86000,85300,7067296
2017-11-02,85000,83200,85100,83400,4464960
2017-11-03,83400,81900,84500,84400,4050123
2017-11-06,83600,83000,84100,83500,3131468
2017-11-07,82800,82200,83300,82400,2993945
2017-11-08,82100,81800,84400,83200,3396387
2017-11-09,83200,81600,83500,82400,3748489
2017-11-10,81300,81000,82800,82000,2357772
2017-11-13,82000,81800,83100,82300,2955651
2017-11-14,83000,82900,84500,83400,3399976
2017-11-15,83800,81900,84200,82000,3207872
2017-11-16,82300,81200,82800,82500,3053355
2017-11-17,83300,83000,84800,83000,4339090
2017-11-20,83300,81800,83300,82100,2988991
2017-11-21,83200,82800,85000,85000,5540888
2017-11-22,86500,86100,87700,86800,4592670
2017-11-23,86200,84500,86300,84700,2840382
2017-11-24,84500,83900,85400,85100,2073899
2017-11-27,86000,82000,86700,83100,7105679
2017-11-28,82900,81200,83600,82600,4083144
2017-11-29,82900,82100,83000,82400,2418748
2017-11-30,77000,76800,79600,76800,11213748
2017-12-01,77200,77100,78800,77400,4340592
2017-12-04,77600,76800,79200,79100,4115752
2017-12-05,77600,77100,79300,77900,3736568
2017-12-06,78700,77200,79500,77500,3934238
2017-12-07,78300,75600,78300,76000,5166136
2017-12-08,77500,76900,78900,78700,3660716
2017-12-11,79000,78000,79500,78700,2493176
2017-12-12,79000,77100,79000,77800,3746347
2017-12-13,77400,76200,77500,76800,3485920
2017-12-14,77200,76000,77600,76000,5552560
2017-12-15,77100,75600,77400,75700,3374982
2017-12-18,76200,75900,77300,77200,3237589
2017-12-19,78400,78200,80800,80200,6782210
2017-12-20,80900,79900,81600,80100,4375810
2017-12-21,80200,76900,80600,77000,4831110
2017-12-22,76400,76300,77400,76700,3382954
2017-12-26,76600,74000,76900,74000,6253943
2017-12-27,75400,74400,76400,75100,4291492
2017-12-28,75400,75200,76700,76500,2825939
