일자,시가,저가,고가,종가,거래량
2013-01-02,334500,334000,341000,340000,284977
2013-01-03,344500,338000,345000,342500,254304
2013-01-04,344000,329000,344500,331000,351729
2013-01-07,331000,321000,332000,325500,283503
2013-01-08,324500,321000,327500,325500,185995
2013-01-09,326500,324000,328000,324000,133332
2013-01-10,323000,319000,333000,327500,230589
2013-01-11,330500,323000,331000,324000,154447
2013-01-14,321000,316000,323000,318500,252819
2013-01-15,318500,315000,323000,316000,144006
2013-01-16,315500,310500,318000,313500,243807
2013-01-17,315500,315000,320500,318500,159168
2013-01-18,323000,315500,323000,317500,95678
2013-01-21,320000,314500,320000,316000,95727
2013-01-22,315500,310500,317500,312500,178258
2013-01-23,313500,310500,317000,312000,144911
2013-01-24,313000,309000,315500,310500,153788
2013-01-25,312500,306000,313000,309000,157609
2013-01-28,310000,307500,311500,309000,107808
2013-01-29,309000,309000,316000,313000,197586
2013-01-30,312000,301000,313500,302000,557129
2013-01-31,302500,302000,307000,304500,276183
2013-02-01,305500,300500,306000,302500,156588
2013-02-04,308000,301000,308500,302500,147292
2013-02-05,299000,297000,300500,298000,188612
2013-02-06,296000,291000,298000,292500,319720
2013-02-07,292000,291500,294500,292500,245024
2013-02-08,294000,292500,297500,295500,212060
2013-02-12,295000,294000,299500,296500,155342
2013-02-13,297500,297500,303500,302000,233414
2013-02-14,302000,301000,305500,302500,148829
2013-02-15,303000,300500,304000,304000,109094
2013-02-18,304000,302000,306500,306000,115935
2013-02-19,304500,300000,306000,301500,180213
2013-02-20,303000,302500,307000,306000,237204
2013-02-21,304500,302500,305500,303500,170396
2013-02-22,301000,299500,303500,300500,302565
2013-02-25,302000,299000,302500,299500,132356
2013-02-26,297500,295500,300000,299000,186637
2013-02-27,300000,292500,300000,294500,331663
2013-02-28,296500,295000,298500,296500,215280
2013-03-04,295000,285500,296500,287500,578425
2013-03-05,287500,285500,289500,286000,314417
2013-03-06,289000,288000,292000,288000,270922
2013-03-07,288500,285000,289500,286000,186403
2013-03-08,288500,286000,289000,286500,144838
2013-03-11,285500,281000,286000,283000,243737
2013-03-12,283000,280500,286000,281000,260290
2013-03-13,281500,275000,283000,280000,282197
2013-03-14,278500,275000,280000,277500,310483
2013-03-15,279000,272000,279500,273000,434740
2013-03-18,270500,267000,271500,268500,369303
2013-03-19,269500,267000,271500,267000,265964
2013-03-20,266000,266000,273500,270000,302274
2013-03-21,273000,273000,279000,275500,387081
2013-03-22,276500,271000,281000,272000,345097
2013-03-25,275000,270000,275000,272500,218205
2013-03-26,272000,267500,272500,270000,328811
2013-03-27,271500,267000,272000,270000,293491
2013-03-28,270500,265000,272000,265000,508765
2013-03-29,268000,266000,271500,268000,330625
2013-04-01,269000,266500,270000,267500,123170
2013-04-02,267000,258000,267500,259500,560662
2013-04-03,259500,248500,260000,251000,751727
2013-04-04,249500,241500,250000,245500,595770
2013-04-05,243500,233000,244500,239000,857135
2013-04-08,241500,241000,247000,244000,477981
2013-04-09,245000,244500,249000,245500,263300
2013-04-10,249500,247500,256000,253500,466063
2013-04-11,253500,248000,255500,254500,349464
2013-04-12,252000,241000,253000,243500,513020
2013-04-15,243500,236000,246000,242000,224271
2013-04-16,236500,236500,243000,239500,312591
2013-04-17,239500,237000,244500,243000,233826
2013-04-18,245500,244000,249500,245500,288012
2013-04-19,247500,246500,253000,251000,297309
2013-04-22,255000,251000,256500,254500,245228
2013-04-23,252000,247500,253500,250000,210364
2013-04-24,253500,249500,254000,253500,178201
2013-04-25,255000,254000,257500,257500,218566
2013-04-26,258000,254000,259000,254000,126103
2013-04-29,257000,249500,257000,250500,137002
2013-04-30,251500,251500,261000,260000,296699
2013-05-02,258000,255000,259500,256000,136662
2013-05-03,258500,256500,259500,257000,133680
2013-05-06,261500,260500,266500,261500,287926
2013-05-07,263500,260000,264000,261500,119192
2013-05-08,263500,260500,264000,262500,143900
2013-05-09,264500,263500,269500,268500,294760
2013-05-10,268500,266000,271000,266500,239296
2013-05-13,266000,263500,268500,266500,119338
2013-05-14,268000,266000,272000,271500,250315
2013-05-15,271000,270500,274000,273000,184939
2013-05-16,272000,272000,277000,275000,266420
2013-05-20,278000,276500,281500,278000,286814
2013-05-21,279500,276000,280500,277000,159520
2013-05-22,277000,273500,278000,275500,231275
2013-05-23,273500,265500,274500,265500,473946
2013-05-24,267000,256500,269500,259500,408870
2013-05-27,257000,254000,258000,256000,283721
2013-05-28,257000,257000,260000,259000,238196
2013-05-29,260000,259000,263500,259000,191477
2013-05-30,258000,255000,265000,262500,283144
2013-05-31,265500,265000,277000,273500,731119
2013-06-03,272500,272000,279000,275000,421349
2013-06-04,276500,269500,279000,272000,240183
2013-06-05,271500,269000,275000,269000,200377
2013-06-07,272500,265000,274000,265000,246127
2013-06-10,265000,262500,268000,265000,166698
2013-06-11,266500,255500,267000,259500,336511
2013-06-12,256500,256000,260500,257500,158488
2013-06-13,257000,256000,260000,256000,289508
2013-06-14,257000,256000,262000,259000,158985
2013-06-17,259500,258500,262500,259000,122584
2013-06-18,256000,248000,261000,259500,266947
2013-06-19,259500,251500,260000,254000,245955
2013-06-20,248000,242000,250500,245500,293103
2013-06-21,238000,233500,240500,237000,457844
2013-06-24,237000,232500,237500,234000,316582
2013-06-25,230000,230000,240000,233500,317198
2013-06-26,237000,231500,238500,234500,225830
2013-06-27,238000,238000,244500,242500,262014
2013-06-28,246500,246000,254000,253000,393378
2013-07-01,249000,248500,256000,252500,205569
2013-07-02,252500,250500,255000,253000,141314
2013-07-03,253000,250000,257000,250000,175104
2013-07-04,250500,250500,256000,255000,145550
2013-07-05,260000,256000,263000,257000,235970
2013-07-08,258000,252500,260500,255000,135036
2013-07-09,253000,250000,258500,257500,150382
2013-07-10,259000,251500,259000,254000,131689
2013-07-11,259500,258500,265500,264500,322424
2013-07-12,265500,262000,269500,265500,224558
2013-07-15,268000,263500,275000,274000,392763
2013-07-16,275000,270000,275000,273000,222877
2013-07-17,271000,264500,274500,273000,287351
2013-07-18,273500,270000,274000,270000,157565
2013-07-19,272000,266500,272500,269500,148330
2013-07-22,270000,269500,276500,275500,284744
2013-07-23,278500,277500,280000,279000,284307
2013-07-24,280000,279500,283000,282000,281061
2013-07-25,281000,281000,285500,283000,242409
2013-07-26,283000,281500,287000,287000,303045
2013-07-29,287500,285000,291000,289500,316025
2013-07-30,287000,285000,289000,288500,156355
2013-07-31,288500,282000,289500,282000,318626
2013-08-01,284000,280000,289000,288000,234181
2013-08-02,292500,287500,293000,288500,180891
2013-08-05,287000,287000,291000,289000,70407
2013-08-06,291000,284500,291000,287500,156687
2013-08-07,283500,283000,286500,283500,179895
2013-08-08,287500,286500,291000,287500,303073
2013-08-09,287500,282500,289000,286000,174364
2013-08-12,284500,283000,288500,287500,102448
2013-08-13,288500,286500,290000,289000,136590
2013-08-14,291500,289500,294000,294000,240045
2013-08-16,289500,288000,291000,289500,214170
2013-08-19,290000,286000,290000,288000,112942
2013-08-20,286000,274500,288000,277500,456557
2013-08-21,277000,267500,278000,271500,349976
2013-08-22,267000,266500,275500,271000,213839
2013-08-23,271500,271000,277500,275500,213639
2013-08-26,276500,276000,287000,284500,316989
2013-08-27,283500,281500,287000,283000,155461
2013-08-28,276500,276000,283500,282000,194081
2013-08-29,285000,284000,288000,287000,179201
2013-08-30,288000,283000,289500,287500,184554
2013-09-02,287500,287500,289500,288000,132751
2013-09-03,289500,289500,293500,292000,221275
2013-09-04,292000,289500,296500,294500,241595
2013-09-05,298000,294000,302000,299000,438322
2013-09-06,301000,298000,304500,304000,287916
2013-09-09,305000,305000,309000,307500,279397
2013-09-10,310000,302500,310500,309000,262006
2013-09-11,308500,306000,309500,309000,159309
2013-09-12,310000,306000,311000,308000,231003
2013-09-13,304000,301000,308500,302000,206170
2013-09-16,305000,304500,312000,311500,222259
2013-09-17,312000,310000,315000,314000,231039
2013-09-23,306000,306000,319000,317500,257056
2013-09-24,317000,310500,320000,315000,276054
2013-09-25,315000,311000,318000,313500,226492
2013-09-26,313500,312500,318000,315500,181326
2013-09-27,316500,313000,319000,319000,246335
2013-09-30,318000,307500,318000,307500,246525
2013-10-01,305000,302500,310500,303500,232436
2013-10-02,305500,303500,308000,303500,231803
2013-10-04,302500,294500,303000,299500,285827
2013-10-07,299500,294500,299500,295000,185573
2013-10-08,295000,295000,308000,306500,306016
2013-10-10,307500,302500,311500,304500,253003
2013-10-11,308000,308000,314500,311500,273575
2013-10-14,312500,312500,318000,316000,231881
2013-10-15,319000,319000,323000,323000,260457
2013-10-16,321000,317500,323500,318000,244360
2013-10-17,322000,315500,324500,320000,174184
2013-10-18,319500,313000,322500,322500,242901
2013-10-21,322500,310000,322500,311500,395497
2013-10-22,312000,303500,314500,306500,406370
2013-10-23,306500,302000,309500,303000,253868
2013-10-24,303500,303500,308500,308500,167068
2013-10-25,308500,298500,311000,299500,262792
2013-10-28,296000,292000,300000,299000,262996
2013-10-29,299500,298500,305000,303000,188948
2013-10-30,304000,300500,305000,304000,133156
2013-10-31,302500,298000,305000,299500,164561
2013-11-01,304000,291500,304000,295000,248207
2013-11-04,294500,288500,295500,290000,225186
2013-11-05,291000,283500,292000,284500,303633
2013-11-06,284500,281500,289500,284000,347477
2013-11-07,285500,282000,288500,283000,219522
2013-11-08,278500,278500,287500,284000,261563
2013-11-11,286500,282000,290000,284000,194214
2013-11-12,287000,283000,288500,285000,182073
2013-11-13,285000,276500,285500,278000,274095
2013-11-14,280500,272500,281500,276000,248584
2013-11-15,277500,277000,287000,286500,254625
2013-11-18,289000,288000,294000,289000,241298
2013-11-19,293000,291500,298500,298000,369038
2013-11-20,299500,293000,299500,294500,214321
2013-11-21,295000,284000,295000,287000,281190
2013-11-22,290500,287500,291500,291500,144516
2013-11-25,294000,290000,295000,290500,105615
2013-11-26,287000,284000,289000,287500,198386
2013-11-27,288500,280000,288500,286000,245273
2013-11-28,288000,287000,290000,288000,165781
2013-11-29,287500,287000,290500,290500,105453
2013-12-02,291500,286500,293000,288500,104253
2013-12-03,288500,284000,289000,286000,121592
2013-12-04,285000,281500,288000,283000,179188
2013-12-05,283000,282500,293000,290000,236710
2013-12-06,289500,289000,294000,291500,190042
2013-12-09,295000,294500,299000,296000,166602
2013-12-10,294500,292000,296000,292000,113420
2013-12-11,289500,284500,291000,286000,203722
2013-12-12,284500,280500,289000,285000,176570
2013-12-13,284000,280500,285500,282000,195759
2013-12-16,281500,280000,282500,280000,129471
2013-12-17,282500,282500,290000,287500,191403
2013-12-18,286500,286500,295000,292500,204849
2013-12-19,297000,290500,297000,291000,185224
2013-12-20,293000,289500,294500,294000,156421
2013-12-23,295000,289500,295500,291000,138341
2013-12-24,292500,291000,296500,294500,154193
2013-12-26,296000,295500,297500,296000,150348
2013-12-27,295500,294000,297500,295500,99817
2013-12-30,296000,295500,299500,299500,127495
2014-01-02,300500,290500,303000,292000,180305
2014-01-03,290000,282500,292000,286000,224960
2014-01-06,285500,282500,287500,284500,120776
2014-01-07,280000,276500,284000,277500,429091
2014-01-08,280000,272000,280000,275000,355834
2014-01-09,273500,268000,274500,268500,318316
2014-01-10,266500,264500,273500,267000,358740
2014-01-13,267500,267000,270000,270000,130012
2014-01-14,265500,265000,269500,267500,179676
2014-01-15,270500,267500,271000,269000,154660
2014-01-16,269500,268000,271500,270500,127326
2014-01-17,270500,268000,273500,270000,169756
2014-01-20,269000,265000,271500,269000,98787
2014-01-21,269000,269000,275500,273000,161557
2014-01-22,273000,270000,276000,276000,150834
2014-01-23,276000,271500,277000,272000,167963
2014-01-24,271000,267000,271000,268500,245940
2014-01-27,261000,259000,262000,262000,274790
2014-01-28,260000,256000,264000,260000,254571
2014-01-29,262000,259000,263000,260000,170631
2014-02-03,256000,253000,259500,254000,268619
2014-02-04,249000,246000,250500,249500,341480
2014-02-05,250000,248500,254500,250000,236721
2014-02-06,250500,246500,253500,248500,304377
2014-02-07,252000,248500,253000,249500,149940
2014-02-10,250500,250500,254500,252500,146625
2014-02-11,252000,251000,257500,254000,175995
2014-02-12,256000,254000,259000,257000,178416
2014-02-13,256000,253000,257500,254500,103141
2014-02-14,255000,254000,259000,256000,112896
2014-02-17,259000,256500,259500,256500,112365
2014-02-18,258000,251500,258000,254000,162536
2014-02-19,252000,251500,254500,253000,107308
2014-02-20,251500,248000,252500,249500,243701
2014-02-21,249000,249000,251500,251000,109327
2014-02-24,250000,248000,251500,249000,117235
2014-02-25,251500,251000,257500,257000,315925
2014-02-26,257000,257000,261000,259000,249860
2014-02-27,258500,256000,260000,257500,144203
2014-02-28,257500,253500,258500,254500,194922
2014-03-03,253500,250000,254000,252500,173453
2014-03-04,250500,248500,251500,250000,172347
2014-03-05,252500,249000,254000,249500,182008
2014-03-06,250500,249500,252500,251500,145928
2014-03-07,253000,250000,254000,251000,136373
2014-03-10,252500,245000,253500,246000,297159
2014-03-11,245000,241500,245500,244000,273928
2014-03-12,242500,240000,245500,241000,248579
2014-03-13,241500,239000,242500,241000,248077
2014-03-14,236500,235500,240500,239500,175918
2014-03-17,238500,238000,242500,241500,98037
2014-03-18,243500,242500,246000,244500,196104
2014-03-19,245000,242500,246000,243500,118483
2014-03-20,242000,236500,242500,238500,255637
2014-03-21,237500,237000,241500,239500,191786
2014-03-24,244000,242000,249500,248000,386819
2014-03-25,248500,246500,256500,254000,440930
2014-03-26,257000,253000,258500,254000,231536
2014-03-27,254000,250000,255000,253500,182131
2014-03-28,252500,250000,253500,252000,155685
2014-03-31,256000,253500,257000,254000,265413
2014-04-01,254000,254000,263500,263500,579438
2014-04-02,267000,264500,268000,264500,315965
2014-04-03,265000,262000,268500,262000,145261
2014-04-04,264000,262000,265000,262500,184432
2014-04-07,260000,260000,270500,269500,357244
2014-04-08,270000,268000,274000,272000,318481
2014-04-09,272000,268500,272500,271000,178244
2014-04-10,272500,265000,272500,270000,207506
2014-04-11,266000,265000,270000,267000,212958
2014-04-14,265500,261000,266000,261000,245058
2014-04-15,263000,261000,264500,261000,128038
2014-04-16,262000,261000,264000,261500,117935
2014-04-17,261500,261500,265000,262500,90175
2014-04-18,264000,263000,269000,268000,204614
2014-04-21,272000,271000,276000,274000,395963
2014-04-22,274500,270000,275500,274500,169427
2014-04-23,278000,273000,278500,275500,208473
2014-04-24,274500,269000,275500,270000,178518
2014-04-25,269000,265000,275500,267500,319961
2014-04-28,265500,262000,269500,263000,206959
2014-04-29,264000,258000,264500,262000,192755
2014-04-30,262500,261500,265000,263000,128777
2014-05-02,265000,263500,266500,264000,113739
2014-05-07,263000,255000,265500,257000,211885
2014-05-08,256500,252500,258000,256000,177645
2014-05-09,255500,253500,255500,255000,102221
2014-05-12,255500,249500,256000,251500,197042
2014-05-13,252500,251500,257500,257000,211036
2014-05-14,259000,257000,260000,258500,134691
2014-05-15,260000,256500,260000,259000,131220
2014-05-16,256500,256500,262500,261000,144151
2014-05-19,261500,259000,262500,261500,125346
2014-05-20,263500,258500,265000,261000,170803
2014-05-21,259000,258500,262000,261000,102162
2014-05-22,262500,262500,269500,267000,289334
2014-05-23,267000,265000,268500,267500,136525
2014-05-26,267000,264000,268000,265500,119607
2014-05-27,266000,261500,268500,264000,89907
2014-05-28,264000,262500,264500,263500,105271
2014-05-29,265000,259500,265500,261500,167172
2014-05-30,261500,258000,263500,260000,161617
2014-06-02,261000,261000,267000,265500,193647
2014-06-03,265000,263000,268500,267500,190001
2014-06-05,268500,262500,268500,264000,130721
2014-06-09,266500,265500,273000,271500,352918
2014-06-10,273000,272500,277500,273500,320993
2014-06-11,271000,269500,277000,275500,188767
2014-06-12,274000,271500,275500,275000,153468
2014-06-13,274500,272500,278000,276000,191208
2014-06-16,280500,279500,289500,287000,505276
2014-06-17,288500,285500,290000,287000,271650
2014-06-18,286500,286000,289000,287500,128759
2014-06-19,289500,288500,292500,290000,204201
2014-06-20,288000,279000,289500,281500,230684
2014-06-23,281500,280000,290500,286000,243814
2014-06-24,287000,286500,291500,288500,142236
2014-06-25,288500,285000,292500,290500,187006
2014-06-26,289500,287500,292500,292000,156262
2014-06-27,290000,289000,297500,293500,259388
2014-06-30,297000,293500,298000,296000,156573
2014-07-01,297000,291500,297000,294000,136884
2014-07-02,295000,294000,300000,295000,249862
2014-07-03,295000,289000,295000,289500,207205
2014-07-04,290500,287000,294000,290500,156393
2014-07-07,290500,286000,292000,291500,174185
2014-07-08,289500,283000,292500,283000,254917
2014-07-09,280500,278500,285500,284000,214876
2014-07-10,284000,284000,290000,287500,189574
2014-07-11,284000,282000,285500,284000,146603
2014-07-14,286500,278000,287500,278500,188591
2014-07-15,280000,280000,293000,287000,292729
2014-07-16,287000,287000,295000,293000,283669
2014-07-17,296000,294500,299500,297000,229630
2014-07-18,294000,291000,299500,297000,199346
2014-07-21,293000,283000,293500,284500,408031
2014-07-22,284000,283500,288500,286500,162392
2014-07-23,285500,282500,294000,288500,203847
2014-07-24,290000,282000,290000,286000,204927
2014-07-25,287000,284000,287500,284500,103136
2014-07-28,284500,282000,288000,286000,167216
2014-07-29,286500,284000,294000,291000,231613
2014-07-30,292000,288000,295000,289500,224451
2014-07-31,288500,287000,293000,291000,211312
2014-08-01,290000,289000,293000,290000,153376
2014-08-04,291000,288000,294000,290500,118400
2014-08-05,290500,282000,291500,284000,196820
2014-08-06,282000,282000,286000,282500,102351
2014-08-07,282500,280500,285000,282500,80331
2014-08-08,282500,270500,284000,274000,341786
2014-08-11,275000,269000,276000,271500,235196
2014-08-12,270500,268000,274500,271000,201267
2014-08-13,273000,267000,273000,272000,161851
2014-08-14,270500,270000,273000,272000,129436
2014-08-18,273500,266500,274000,267000,162712
2014-08-19,268500,268500,274500,272500,173316
2014-08-20,275000,272000,279000,277000,271094
2014-08-21,278000,274000,279000,276000,182776
2014-08-22,275000,274000,278000,275000,103387
2014-08-25,275000,273500,277500,275500,72858
2014-08-26,276000,274500,277500,275000,81426
2014-08-27,277500,274500,278500,275000,98527
2014-08-28,273000,269500,276000,274000,130755
2014-08-29,272000,269500,274500,269500,175238
2014-09-01,269500,269000,273500,270000,92519
2014-09-02,270000,260500,271000,262500,302470
2014-09-03,262000,258500,263500,261000,190767
2014-09-04,262500,261000,263500,262500,87937
2014-09-05,262500,262000,264500,262500,76829
2014-09-11,263000,260000,264000,262500,280214
2014-09-12,263000,263000,269500,266000,129568
2014-09-15,265000,264000,269500,267500,130917
2014-09-16,267500,266000,268500,266500,115635
2014-09-17,269000,268500,276500,274000,211712
2014-09-18,275500,273000,277000,275000,116049
2014-09-19,276000,275500,277500,277000,143294
2014-09-22,277000,272000,278000,275000,131663
2014-09-23,275000,270000,275500,273000,146718
2014-09-24,273000,270500,273000,272500,156023
2014-09-25,274500,269500,276500,272500,176237
2014-09-26,269000,265000,270000,268000,194594
2014-09-29,266500,250500,267000,255000,531771
2014-09-30,255000,252000,258500,255500,192838
2014-10-01,251500,247500,258500,249000,298996
2014-10-02,249000,237500,249500,241000,430852
2014-10-06,244000,242000,246000,242500,183388
2014-10-07,244000,240000,247500,242000,132458
2014-10-08,238000,235000,240000,237000,216687
2014-10-10,234000,228000,234500,230000,380655
2014-10-13,226000,222000,228000,226000,382633
2014-10-14,225000,224000,230500,226500,289540
2014-10-15,226500,223500,227500,224000,204538
2014-10-16,222000,219000,225000,223000,233415
2014-10-17,226000,222500,226500,224500,213520
2014-10-20,226500,225500,228500,226000,202698
2014-10-21,219000,193000,219000,194000,1952550
2014-10-22,197000,185000,197500,194000,959852
2014-10-23,194500,181000,195500,183500,1050706
2014-10-24,185000,181500,189500,183500,671489
2014-10-27,185000,184500,192000,190000,599877
2014-10-28,190000,189000,192500,191000,257996
2014-10-29,194000,193000,204500,201500,756910
2014-10-30,202500,197000,207000,199500,389301
2014-10-31,202500,198500,203000,200000,370594
2014-11-03,200500,188000,200500,190000,491064
2014-11-04,188500,177500,190500,179000,604269
2014-11-05,178500,172500,179500,174000,491508
2014-11-06,176500,175500,186000,184500,535073
2014-11-07,184500,183000,191500,188500,311403
2014-11-10,190000,190000,195000,192500,240020
2014-11-11,193000,188500,194000,190000,208905
2014-11-12,190000,190000,203500,202000,445037
2014-11-13,203000,202500,210000,203500,493590
2014-11-14,203500,197000,203500,202500,211186
2014-11-17,202500,198000,211000,207500,334706
2014-11-18,206000,206000,210500,208500,264183
2014-11-19,209500,200000,210000,203000,260618
2014-11-20,204500,201000,206000,204000,175285
2014-11-21,205000,205000,210500,208000,248906
2014-11-24,217500,216000,226500,219000,599885
2014-11-25,219000,213500,223500,214500,314609
2014-11-26,213500,210000,218500,214000,201687
2014-11-27,212000,206000,214000,209500,274851
2014-11-28,202500,200500,208500,206500,342142
2014-12-01,201500,193500,202500,195500,453197
2014-12-02,198000,194000,200000,194500,235777
2014-12-03,195500,195000,198000,196000,157162
2014-12-04,196000,196000,201000,198000,176961
2014-12-05,198000,196000,199500,198500,123914
2014-12-08,200500,199000,203000,201000,152348
2014-12-09,198500,196000,202500,198000,241166
2014-12-10,198000,186500,198500,188500,376000
2014-12-11,183000,180000,187500,186500,433830
2014-12-12,187000,183000,189000,184000,198816
2014-12-15,181500,180000,191000,190000,215013
2014-12-16,188500,187500,193000,189500,185582
2014-12-17,195000,190000,195000,191500,178729
2014-12-18,196000,191000,197000,193000,175784
2014-12-19,196000,187000,197000,190500,248795
2014-12-22,190500,188500,192000,189500,187653
2014-12-23,188500,182000,189000,184500,407095
2014-12-24,184500,183000,186500,185500,168930
2014-12-26,185000,185000,188000,185500,186117
2014-12-29,183000,180500,184500,183500,161694
2014-12-30,183000,179000,185000,181000,173787
2015-01-02,179500,177000,180500,180000,231092
2015-01-05,179000,173500,179500,174500,318170
2015-01-06,170500,163500,171000,166000,567304
2015-01-07,164000,163000,167500,164500,335124
2015-01-08,167500,166500,169500,168000,274598
2015-01-09,173500,172000,179500,178500,429244
2015-01-12,178500,177000,182000,180500,202770
2015-01-13,178000,174500,180500,180000,212888
2015-01-14,180500,176000,181500,177500,160434
2015-01-15,179500,176500,180000,178500,126385
2015-01-16,177000,173500,177500,175000,166914
2015-01-19,178000,178000,182500,180000,160144
2015-01-20,181000,180000,185000,183000,235374
2015-01-21,182000,182000,186500,184500,200089
2015-01-22,186500,186000,193000,193000,350725
2015-01-23,196000,193000,199500,195000,452331
2015-01-26,194500,186500,194500,187000,429528
2015-01-27,188500,185500,199000,199000,522631
2015-01-28,199500,196500,202000,199000,290261
2015-01-29,195500,192000,201000,199000,318412
2015-01-30,202000,198000,202000,198500,252912
2015-02-02,202500,201500,208500,205500,336294
2015-02-03,209000,206000,211000,208000,305131
2015-02-04,214500,209500,217000,213500,512438
2015-02-05,211000,202000,211000,202000,296204
2015-02-06,206500,204000,209500,209500,243525
2015-02-09,213000,211000,216500,215500,311884
2015-02-10,213000,213000,223000,217000,367022
2015-02-11,217000,212000,220000,214500,258649
2015-02-12,213500,208500,214500,211000,207556
2015-02-13,216000,215000,220000,219500,277709
2015-02-16,222000,215500,226000,216000,269835
2015-02-17,218500,213000,219500,218500,151867
2015-02-23,221500,221000,224000,221500,236889
2015-02-24,221500,217500,222000,222000,144149
2015-02-25,223500,222000,231500,230500,289979
2015-02-26,233000,228000,233500,232000,270781
2015-02-27,228500,225500,231000,230000,257110
2015-03-02,233000,229500,236500,234000,282395
2015-03-03,233000,230500,235500,234500,168525
2015-03-04,232000,229000,235000,229500,226515
2015-03-05,230000,229500,232000,230000,162358
2015-03-06,226000,226000,235000,233000,175241
2015-03-09,230500,230500,237500,235500,190784
2015-03-10,239000,236500,242500,237000,228478
2015-03-11,233500,231000,235500,234000,222199
2015-03-12,233500,232000,240500,235000,359315
2015-03-13,237000,233000,237000,233500,162685
2015-03-16,231000,219500,231000,220500,402430
2015-03-17,221500,221000,228000,228000,217773
2015-03-18,228000,223000,228500,227000,185876
2015-03-19,231000,230000,236500,234000,209546
2015-03-20,231000,229000,234500,234500,169460
2015-03-23,236000,232500,236500,233500,119147
2015-03-24,232500,227000,233000,231500,144947
2015-03-25,231500,225000,232000,226000,253918
2015-03-26,225000,223500,229000,226000,272721
2015-03-27,226000,224500,228500,226500,163861
2015-03-30,225500,222000,226000,225000,179490
2015-03-31,228000,226000,228500,226000,131695
2015-04-01,228000,222000,228000,225000,113762
2015-04-02,228500,228000,232500,229000,166357
2015-04-03,229000,225500,229500,227500,155013
2015-04-06,226000,224500,230000,228500,120523
2015-04-07,232500,229000,235000,229000,136854
2015-04-08,229500,229000,242000,241500,351434
2015-04-09,242500,241500,258000,254000,511538
2015-04-10,253500,251000,257000,256000,208427
2015-04-13,256000,256000,272000,271500,477231
2015-04-14,270000,266000,276000,275000,307661
2015-04-15,274000,272000,281000,276500,221583
2015-04-16,277000,262000,280500,264000,463714
2015-04-17,265000,256500,267500,261500,364276
2015-04-20,266000,265000,287500,283500,535775
2015-04-21,284500,277000,285500,277000,216226
2015-04-22,282500,282000,290000,284000,464904
2015-04-23,284000,281000,289500,284000,208870
2015-04-24,288000,275000,288500,279000,241895
2015-04-27,279500,268500,281500,270000,297655
2015-04-28,270500,270500,278500,274500,176947
2015-04-29,275000,269500,280000,276000,190047
2015-04-30,280500,272000,282000,273000,237552
2015-05-04,277500,273500,279500,278500,110318
2015-05-06,279500,275500,282000,280000,187826
2015-05-07,280500,270500,286000,275000,292838
2015-05-08,276000,267000,278000,268000,215091
2015-05-11,271500,270000,278000,272000,201185
2015-05-12,271500,271500,279500,276000,175592
2015-05-13,277500,275000,280000,277500,101067
2015-05-14,275000,267000,276000,269000,237561
2015-05-15,271500,262500,272000,265000,180310
2015-05-18,266500,266000,270500,267500,128506
2015-05-19,269500,260500,269500,267000,152667
2015-05-20,269000,259000,269000,260000,185245
2015-05-21,258000,256000,262000,259500,125345
2015-05-22,262000,261500,271000,269000,208560
2015-05-26,269500,264000,272000,269500,152494
2015-05-27,265500,258500,266000,258500,229250
2015-05-28,260000,254000,261500,255000,161640
2015-05-29,253500,249500,255000,249500,241310
2015-06-01,253000,248500,254000,250500,142698
2015-06-02,250000,249500,255500,254000,162311
2015-06-03,258500,258000,267000,263000,299272
2015-06-04,263000,255500,266500,264000,200759
2015-06-05,260500,258000,265000,260000,123427
2015-06-08,260000,258000,268000,264500,165813
2015-06-09,265000,265000,273000,267500,201991
2015-06-10,271500,265500,273000,267500,171887
2015-06-11,272000,266000,272500,269000,188506
2015-06-12,267000,259000,268500,262000,168224
2015-06-15,257000,253000,264500,261500,78232
2015-06-16,261500,255500,265000,259500,170390
2015-06-17,261500,260500,277000,275000,401303
2015-06-18,275000,275000,286500,283500,352335
2015-06-19,287000,283500,288500,283500,204149
2015-06-22,285500,274000,288000,276500,151796
2015-06-23,281500,275500,283000,276500,124290
2015-06-24,279000,272000,280000,275000,126804
2015-06-25,274000,271000,281000,277500,184148
2015-06-26,277000,276500,284500,276500,143431
2015-06-29,271500,268000,275000,271500,115466
2015-06-30,269500,269000,280000,278500,163525
2015-07-01,280000,277000,283000,281000,125288
2015-07-02,281000,274000,282000,281000,165932
2015-07-03,282500,278000,284500,280500,85311
2015-07-06,278000,270500,279000,272000,154194
2015-07-07,272000,256000,272000,259000,312870
2015-07-08,259500,235500,260000,236500,549009
2015-07-09,233500,228500,245500,245500,400085
2015-07-10,254000,250000,260000,259000,317583
2015-07-13,261500,246500,261500,253000,231534
2015-07-14,254500,247000,256500,250000,164076
2015-07-15,255000,252500,262000,261000,182662
2015-07-16,262000,258000,264000,260500,109240
2015-07-17,264000,259000,265500,260000,103535
2015-07-20,269500,258000,270000,259500,209108
2015-07-21,272000,268500,282500,280000,541532
2015-07-22,276000,272500,280000,274500,167995
2015-07-23,273500,266000,277000,271000,230340
2015-07-24,267500,259000,269000,260500,151336
2015-07-27,255500,251500,261000,254000,184569
2015-07-28,249000,241000,254500,247000,256193
2015-07-29,249500,245500,252500,245500,155157
2015-07-30,250000,249500,257500,251000,169584
2015-07-31,254500,244000,259000,250000,235124
2015-08-03,245000,234000,246000,237000,259301
2015-08-04,234000,233500,241000,239000,222990
2015-08-05,240000,237500,247000,246500,165754
2015-08-06,247500,240500,248000,243500,137246
2015-08-07,242000,237000,242500,238000,128658
2015-08-10,236000,218500,236500,222500,397436
2015-08-11,228500,222500,230000,222500,274325
2015-08-12,217000,206500,219000,213000,445564
2015-08-13,213500,213500,227500,225500,335314
2015-08-17,235000,230000,238000,237500,338388
2015-08-18,234500,229500,235000,232000,174599
2015-08-19,230000,219500,233500,224500,195767
2015-08-20,219000,219000,226500,221000,145649
2015-08-21,220000,216500,225500,220500,261379
2015-08-24,219500,208000,225000,216500,368453
2015-08-25,219000,212000,228000,219000,202144
2015-08-26,219500,214000,229000,226000,282032
2015-08-27,230000,222500,230500,226500,257133
2015-08-28,241000,238000,246000,240500,387353
2015-08-31,241000,233000,241500,234000,220700
2015-09-01,240000,230000,242500,230500,232544
2015-09-02,223000,222000,230000,228500,272695
2015-09-03,232000,225000,233000,227000,184978
2015-09-04,226500,220000,229500,221500,191696
2015-09-07,219500,216500,223000,219500,164343
2015-09-08,219500,215000,221000,217000,147319
2015-09-09,221500,220000,232500,231500,275402
2015-09-10,226500,225500,236000,236000,179861
2015-09-11,233500,230500,237000,230500,155880
2015-09-14,232500,229000,235500,234500,161653
2015-09-15,233500,230500,236000,233500,93496
2015-09-16,236000,235500,254000,251000,444532
2015-09-17,254000,252000,266500,257000,398046
2015-09-18,258000,253000,268000,264000,281776
2015-09-21,257500,254500,261500,256000,204512
2015-09-22,261000,256000,263500,258000,185351
2015-09-23,254000,253500,271000,266000,535466
2015-09-24,267000,264000,273000,268000,237070
2015-09-25,270000,264000,271000,267000,192856
2015-09-30,264500,264500,285500,285500,547594
2015-10-01,282500,278000,288500,288000,390644
2015-10-02,282500,276500,285000,276500,285419
2015-10-05,278000,278000,292000,288000,389828
2015-10-06,292000,285000,297500,285500,219350
2015-10-07,288000,284500,293000,287000,152608
2015-10-08,289500,284000,290000,289000,180161
2015-10-12,287000,285500,294000,287000,223050
2015-10-13,287000,280000,287000,284000,191854
2015-10-14,280000,270000,282000,271000,309186
2015-10-15,273000,272000,289000,287500,347515
2015-10-16,287000,282500,291500,289000,194238
2015-10-19,297500,287000,298000,290500,392479
2015-10-20,289500,288000,294000,290500,194476
2015-10-21,290500,290000,297000,294000,219305
2015-10-22,292500,286000,294500,290500,153558
2015-10-23,296000,293000,299000,297000,173499
2015-10-26,300000,295000,300000,297000,130804
2015-10-27,295500,290500,300000,300000,159406
2015-10-28,306000,306000,322000,315000,671657
2015-10-29,315000,311500,318500,315000,290250
2015-10-30,314500,303500,315000,304500,312826
2015-11-02,303500,303500,315000,314500,232306
2015-11-03,317500,314500,321000,319000,203944
2015-11-04,321000,314000,321500,315500,152967
2015-11-05,312000,303000,313500,304000,270565
2015-11-06,301500,300500,306500,304000,168141
2015-11-09,300000,289000,303000,296500,290803
2015-11-10,292000,292000,301000,296500,180697
2015-11-11,295500,286500,299000,296500,203856
2015-11-12,298000,294500,301500,298000,140900
2015-11-13,295000,294000,305000,299500,228823
2015-11-16,294000,293000,298000,294000,140792
2015-11-17,301000,298500,316500,313500,336995
2015-11-18,313500,310000,319000,313000,174571
2015-11-19,317500,317000,327500,326000,319695
2015-11-20,327500,321500,332500,322500,246226
2015-11-23,323000,318000,324000,322000,227567
2015-11-24,322500,320000,335000,334000,295793
2015-11-25,332000,321500,333000,322000,248609
2015-11-26,322000,321500,331500,324000,161002
2015-11-27,324000,318000,325500,321000,135494
2015-11-30,317500,313000,323000,318000,365371
2015-12-01,318000,318000,324500,322000,159183
2015-12-02,322500,315500,323500,315500,140717
2015-12-03,315000,311500,319000,315500,129685
2015-12-04,310000,309000,314000,309000,179325
2015-12-07,313500,306000,314000,306500,151914
2015-12-08,305000,304500,311500,307000,135616
2015-12-09,308500,308000,318000,315000,200597
2015-12-10,315000,305000,317500,314000,243025
2015-12-11,317000,316000,327500,326500,289629
2015-12-14,323500,319000,329000,323000,218398
2015-12-15,327000,311000,327000,313000,276667
2015-12-16,320000,318000,324000,320500,332261
2015-12-17,327000,321500,333500,333500,374642
2015-12-18,329500,328000,335000,332000,193236
2015-12-21,331000,329000,337000,332000,146084
2015-12-22,332000,328000,333500,333000,106523
2015-12-23,333500,333500,343500,339500,255014
2015-12-24,343000,337500,343500,338000,158117
2015-12-28,335500,330500,337500,333500,146737
2015-12-29,331000,327500,332500,332000,145462
2015-12-30,333500,326500,333500,328500,170894
2016-01-04,332500,329000,344500,341500,316361
2016-01-05,337500,337000,341500,339500,235142
2016-01-06,340000,336500,342000,338000,203327
2016-01-07,337000,323000,341000,323000,341202
2016-01-08,315000,315000,331500,330000,272946
2016-01-11,330000,322500,330500,322500,172504
2016-01-12,325500,318000,327500,322500,232715
2016-01-13,327500,325000,334000,331500,131219
2016-01-14,325000,321500,329500,322000,188304
2016-01-15,325500,311500,328000,312000,291967
2016-01-18,304500,303000,310000,304500,336776
2016-01-19,306000,301000,308000,307000,180390
2016-01-20,305000,292500,307500,295000,256561
2016-01-21,294500,294000,307500,305500,249775
2016-01-22,310500,296000,313000,303500,320297
2016-01-25,307500,301000,316000,302000,323409
2016-01-26,291500,273000,294000,278500,1139086
2016-01-27,285500,283500,294500,293000,667777
2016-01-28,294500,287500,298000,296000,337794
2016-01-29,292000,290500,296500,295500,270782
2016-02-01,290000,286000,292500,289000,352393
2016-02-02,286500,284500,294000,286000,195433
2016-02-03,283000,282000,289000,289000,151007
2016-02-04,292000,290500,303000,302000,363336
2016-02-05,304000,298000,306500,301000,229611
2016-02-11,290000,286000,295000,286000,212021
2016-02-12,283500,274000,287500,283000,259768
2016-02-15,287500,280000,291000,281000,207001
2016-02-16,280500,279000,294000,293500,276592
2016-02-17,291000,285000,293500,285000,250841
2016-02-18,292500,290500,297500,295000,217481
2016-02-19,293000,291000,303500,303500,195785
2016-02-22,303000,300000,307000,303500,130584
2016-02-23,310000,299500,310000,299500,156369
2016-02-24,299500,295000,307500,295500,190266
2016-02-25,301000,296000,301500,297000,136060
2016-02-26,300000,292000,301000,293500,172110
2016-02-29,294000,292500,301000,300000,211647
2016-03-02,305000,304000,315000,312000,431708
2016-03-03,313500,305000,317500,308000,232125
2016-03-04,306500,297000,307500,298000,294991
2016-03-07,300500,298000,301500,299500,174584
2016-03-08,297000,297000,302000,298000,139563
2016-03-09,295500,292000,300500,296000,180728
2016-03-10,296500,294500,298000,295000,260931
2016-03-11,294000,293500,299000,296500,178612
2016-03-14,300000,297000,303500,303500,196344
2016-03-15,302000,301500,307000,302000,168253
2016-03-16,302000,302000,307000,307000,172377
2016-03-17,310000,310000,316500,314000,271115
2016-03-18,315000,308500,317500,314000,210607
2016-03-21,318500,311500,322000,313500,244343
2016-03-22,314000,311000,316500,313500,120158
2016-03-23,314000,308500,314500,310000,130971
2016-03-24,311000,310000,319500,318500,212304
2016-03-25,318500,316500,325000,323000,170806
2016-03-28,323500,317500,324000,319500,110018
2016-03-29,321500,318500,323500,323500,127014
2016-03-30,325000,324000,333000,331000,306348
2016-03-31,333500,325500,335500,327500,235289
2016-04-01,325500,315000,326000,317500,266621
2016-04-04,319000,318000,328500,326500,169983
2016-04-05,323500,314500,326000,316000,229102
2016-04-06,315000,312000,321500,319500,163771
2016-04-07,322000,320500,327000,321000,146547
2016-04-08,316500,315500,322000,319500,126900
2016-04-11,321500,319500,325500,320000,100121
2016-04-12,320500,319000,327000,326500,133390
2016-04-14,337500,331000,338500,338500,332481
2016-04-15,338000,332500,339500,335000,166290
2016-04-18,332500,329000,337000,337000,154786
2016-04-19,339500,324500,341000,326500,277154
2016-04-20,328500,321000,330000,322000,189831
2016-04-21,325500,310000,326500,316000,578514
2016-04-22,313500,307500,317500,308000,490750
2016-04-25,311000,308000,311000,310000,234676
2016-04-26,310500,302000,312500,304500,256191
2016-04-27,305500,305500,310000,307000,133822
2016-04-28,310000,301500,310000,303000,207219
2016-04-29,303000,295500,303500,297000,234333
2016-05-02,295000,294000,299000,296000,109497
2016-05-03,298500,292000,299000,292000,169863
2016-05-04,290000,286000,292500,288500,271472
2016-05-09,286000,277500,287500,278000,381972
2016-05-10,276000,276000,284000,282000,247991
2016-05-11,285000,283000,289000,288000,207556
2016-05-12,285500,283000,289000,288000,121884
2016-05-13,290000,280500,290000,281500,161954
2016-05-16,280000,278000,286000,283500,124005
2016-05-17,286500,282000,287000,285500,97724
2016-05-18,281000,269000,282500,270500,593107
2016-05-19,270500,270000,273500,271000,183792
2016-05-20,272000,270500,275000,274500,170722
2016-05-23,276000,273000,277000,274000,117317
2016-05-24,274000,270000,276500,270000,134599
2016-05-25,274000,271500,275000,274000,142606
2016-05-26,275000,272000,276000,272500,165260
2016-05-27,272000,272000,277500,275000,265168
2016-05-30,276000,268000,276000,273000,237756
2016-05-31,272500,269500,273000,271000,265130
2016-06-01,270000,269000,272500,269500,220614
2016-06-02,271500,268500,272000,269000,200647
2016-06-03,270500,262000,271500,262500,350595
2016-06-07,265500,264000,267000,265500,282837
2016-06-08,266000,266000,274500,272000,259639
2016-06-09,274500,271000,276500,271000,297430
2016-06-10,270000,269500,274000,272500,124118
2016-06-13,270000,267500,271500,269000,130612
2016-06-14,270000,263000,272500,264000,197945
2016-06-15,263500,262000,266000,262000,148681
2016-06-16,261500,257500,266500,260000,202304
2016-06-17,262500,258000,265000,259000,180871
2016-06-20,263000,262000,271000,267000,230356
2016-06-21,255500,252000,258500,257500,470967
2016-06-22,258000,253500,258500,255500,313149
2016-06-23,257000,252000,259000,253000,250258
2016-06-24,256500,238500,257000,240000,602804
2016-06-27,231000,230000,240500,238500,418524
2016-06-28,235500,234500,239500,238500,368958
2016-06-29,245500,245500,258000,257000,488673
2016-06-30,263500,255500,263500,260000,432127
2016-07-01,259000,256000,259500,258000,152999
2016-07-04,258000,256500,263500,262500,172075
2016-07-05,262500,261000,265000,261500,158091
2016-07-06,259500,247500,259500,248500,429129
2016-07-07,250000,248000,252500,249500,253246
2016-07-08,250000,245500,252000,247500,147738
2016-07-11,245000,245000,257000,255000,289664
2016-07-12,253000,248500,255000,252000,164395
2016-07-13,256000,251500,257000,253500,157337
2016-07-14,252500,251000,256000,256000,164915
2016-07-15,259000,255500,260000,258000,205077
2016-07-18,260500,256500,262500,257500,144360
2016-07-19,260500,257500,262000,259000,144119
2016-07-20,259500,255000,260500,256000,130951
2016-07-21,256500,248000,259000,249000,330939
2016-07-22,250500,238500,250500,240500,657471
2016-07-25,241000,240000,243500,243000,224512
2016-07-26,242500,242000,247000,246500,210022
2016-07-27,248000,245000,248500,246500,148775
2016-07-28,246500,241500,247500,242500,172604
2016-07-29,242500,242500,249500,243500,248177
2016-08-01,244000,244000,257000,257000,362747
2016-08-02,255500,250500,258500,251000,221254
2016-08-03,249000,246000,250500,249500,128706
2016-08-04,252500,249500,253500,251000,163442
2016-08-05,252000,246500,253000,246500,178401
2016-08-08,247500,246000,249000,248000,150119
2016-08-09,248000,246000,258000,257500,287596
2016-08-10,260000,259500,268500,265500,542350
2016-08-11,266000,260000,267000,261500,194226
2016-08-12,265000,264500,269000,265000,220552
2016-08-16,265000,260500,265500,261500,199852
2016-08-17,262000,258500,263500,262500,120690
2016-08-18,263500,258000,264500,259000,152561
2016-08-19,260000,258000,263000,262000,199995
2016-08-22,269000,267500,276000,268500,449990
2016-08-23,270500,263000,271500,269000,268098
2016-08-24,269500,267000,273000,267000,190556
2016-08-25,265000,261000,269500,268000,165231
2016-08-26,268000,267000,270500,268500,122172
2016-08-29,265000,262000,266000,263500,206256
2016-08-30,265000,263500,266500,264000,102645
2016-08-31,264500,263500,271000,270500,247093
2016-09-01,271500,267000,271500,270000,149894
2016-09-02,267500,262500,268500,263000,241400
2016-09-05,265500,265000,268000,267000,131630
2016-09-06,261000,250500,264500,251500,773416
2016-09-07,252500,249500,256000,249500,505160
2016-09-08,252000,247500,252500,248000,266658
2016-09-09,248000,247000,250000,248500,159837
2016-09-12,245000,244000,252500,245500,244829
2016-09-13,248500,237000,249500,237500,589842
2016-09-19,234000,227500,235000,233000,696631
2016-09-20,233000,230000,235000,232500,408531
2016-09-21,233500,232500,241000,241000,376149
2016-09-22,244500,238500,245000,238500,272299
2016-09-23,240000,238000,242000,239000,238213
2016-09-26,242000,241500,244000,242500,227794
2016-09-27,242500,242000,245000,244000,238189
2016-09-28,246000,242000,246000,242000,185517
2016-09-29,245000,243500,247500,244000,253285
2016-09-30,242000,239000,243000,241500,242273
2016-10-04,243000,237000,243000,237500,252151
2016-10-05,237500,237000,240000,240000,172292
2016-10-06,238500,233000,239500,234000,430401
2016-10-07,235000,232000,235500,233500,262507
2016-10-10,234000,231500,237000,232500,257172
2016-10-11,235000,232500,238000,235000,302622
2016-10-12,233500,233000,238500,237000,248384
2016-10-13,236500,230500,237000,230500,299144
2016-10-14,231000,230000,235500,232500,256461
2016-10-17,234000,232500,240000,240000,283643
2016-10-18,240500,240000,245500,245000,419090
2016-10-19,242500,242000,249500,244500,415140
2016-10-20,248500,248000,253000,251000,403226
2016-10-21,252000,249500,252500,250500,203091
2016-10-24,252000,250500,254500,251000,211346
2016-10-25,252500,246000,253000,248500,297371
2016-10-26,246000,239500,246500,242000,291821
2016-10-27,242500,242500,247000,245500,166754
2016-10-28,243000,240000,245000,241500,195127
2016-10-31,240500,240500,246500,246500,188980
2016-11-01,245500,240500,246000,244500,149572
2016-11-02,243500,241000,244500,243000,133183
2016-11-03,243500,242000,245500,245000,170120
2016-11-04,243500,242500,245000,244500,104504
2016-11-07,245500,245000,250000,250000,228503
2016-11-08,253500,250000,254500,252500,185393
2016-11-09,254000,237500,255000,242000,472018
2016-11-10,247000,240000,247500,241000,404141
2016-11-11,240000,235500,243000,236500,297575
2016-11-14,236500,233000,237000,235500,240941
2016-11-15,234500,233000,241500,240500,233269
2016-11-16,243000,238000,243000,238000,152133
2016-11-17,238000,236000,240000,239500,95003
2016-11-18,239000,233500,239500,233500,181603
2016-11-21,232000,230500,234500,230500,186522
2016-11-22,232500,230500,234000,232500,180910
2016-11-23,232500,232000,236500,234500,172925
2016-11-24,231000,218000,232000,219500,808712
2016-11-25,218500,215500,223000,222500,249375
2016-11-28,223000,222000,226500,224500,280516
2016-11-29,224500,224500,226500,226000,148283
2016-11-30,227000,224500,229500,226500,209854
2016-12-01,230000,227000,231000,229500,182583
2016-12-02,230500,229500,233500,231500,184880
2016-12-05,231500,228500,234500,233000,146501
2016-12-06,235000,233000,243000,242000,356666
2016-12-07,242500,242000,245000,244000,217310
2016-12-08,246000,245500,252000,252000,454072
2016-12-09,250500,248500,253500,251500,212022
2016-12-12,255500,247500,256500,249500,225358
2016-12-13,250500,249000,254500,254500,184556
2016-12-14,253000,247000,255000,247000,198067
2016-12-15,246000,246000,255000,253000,254924
2016-12-16,253000,251000,256500,251000,163019
2016-12-19,252000,252000,260000,259500,352588
2016-12-20,261500,258000,263000,258500,207602
2016-12-21,260500,259000,264000,263500,217128
2016-12-22,265000,262000,265000,264000,171290
2016-12-23,266500,263500,266500,266500,216506
2016-12-26,266500,261000,267000,263000,145603
2016-12-27,264500,261500,266500,266500,299387
2016-12-28,263000,260000,265000,261000,166227
2016-12-29,263000,255500,263000,261000,165816
2017-01-02,250000,247500,255000,253000,294947
2017-01-03,255000,254000,264000,262000,253540
2017-01-04,263000,262000,269000,268500,255597
2017-01-05,267000,265000,268500,267500,148537
2017-01-06,268000,265000,268500,266000,84524
2017-01-09,264500,261500,267000,264500,124839
2017-01-10,266500,266000,270500,267500,192011
2017-01-11,269000,268000,281000,280000,559100
2017-01-12,281000,278500,287000,285000,321519
2017-01-13,283000,281000,287500,283000,283435
2017-01-16,282000,278000,283500,278500,198568
2017-01-17,278000,276000,284000,278500,218884
2017-01-18,278000,270000,278500,271500,305022
2017-01-19,272000,265500,274000,270500,283405
2017-01-20,266000,259000,267000,261000,424426
2017-01-23,262000,261000,265500,265500,201425
2017-01-24,264000,260500,264500,263000,167168
2017-01-25,265000,262000,266000,263500,129004
2017-01-26,264500,262500,274500,270000,325835
2017-01-31,268500,262000,270000,262000,324050
2017-02-01,265000,265000,273000,272500,249084
2017-02-02,272500,272500,279500,274500,313439
2017-02-03,276000,271500,277000,275500,192256
2017-02-06,280000,277000,282000,277500,202277
2017-02-07,278500,271500,278500,273000,165682
2017-02-08,273000,268000,274000,270500,162108
2017-02-09,273000,270500,275000,272000,165764
2017-02-10,275000,274000,281500,281000,371551
2017-02-13,282000,279000,282500,279500,190988
2017-02-14,281500,274500,282000,277000,242951
2017-02-15,278500,278000,283000,282000,229913
2017-02-16,283500,274500,283500,275000,322009
2017-02-17,273000,273000,278000,277000,162813
2017-02-20,274000,272000,278500,278500,198672
2017-02-21,279000,276500,280500,278000,186061
2017-02-22,281000,279000,283000,279500,254219
2017-02-23,281500,279000,284000,284000,309140
2017-02-24,285000,279500,285000,281000,276766
2017-02-27,282000,277000,283000,282500,201230
2017-02-28,281500,279500,284500,283000,212901
2017-03-02,286000,282000,288000,287500,411436
2017-03-03,287500,278000,287500,282000,381929
2017-03-06,279000,272000,280500,275500,415679
2017-03-07,275500,275000,279500,277000,153695
2017-03-08,273500,271000,277000,273000,296457
2017-03-09,274000,269000,274500,269500,274928
2017-03-10,268500,264000,269500,266500,369397
2017-03-13,267000,266500,270500,269000,169880
2017-03-14,273000,272000,277500,274000,269479
2017-03-15,274000,273000,276500,276000,178579
2017-03-16,279000,277500,282000,278500,222324
2017-03-17,279500,274500,279500,279500,207185
2017-03-20,279500,278500,283500,283000,188329
2017-03-21,285000,285000,296500,295000,526655
2017-03-22,293000,288000,295500,290500,295302
2017-03-23,295000,287000,299000,287000,355854
2017-03-24,290000,285500,290500,286500,232272
2017-03-27,286000,281000,289000,282500,270917
2017-03-28,285000,284500,294000,292500,264727
2017-03-29,296000,294000,300000,299500,370123
2017-03-30,298500,293500,300000,297000,162306
2017-03-31,298000,294000,300000,294000,250456
2017-04-03,296000,290500,297000,293000,206581
2017-04-04,290500,283000,292000,283000,364169
2017-04-05,285000,279000,287500,284500,286902
2017-04-06,283000,280500,288000,284000,186872
2017-04-07,285500,281500,287000,284500,144246
2017-04-10,284000,279500,284500,281000,123570
2017-04-11,280500,277000,284500,280500,163171
2017-04-12,283000,280000,283500,282000,122532
2017-04-13,282500,274000,282500,274000,295018
2017-04-14,273000,272500,276000,274500,109972
2017-04-17,274500,274500,282500,278500,133099
2017-04-18,278500,275000,280000,276000,100626
2017-04-19,277000,270500,278500,270500,254640
2017-04-20,276000,275500,280000,279000,346429
2017-04-21,279000,278500,281500,280000,161029
2017-04-24,284000,281000,286000,281500,174272
2017-04-25,283500,276500,283500,279500,176156
2017-04-26,282500,279500,284500,279500,258794
2017-04-27,281000,277500,283500,281000,171628
2017-04-28,276500,273500,279000,274000,211136
2017-05-02,273500,273500,278500,275000,237946
2017-05-04,275000,275000,279500,276000,160423
2017-05-08,276000,275000,280000,280000,314036
2017-05-10,283500,277500,285000,278000,352589
2017-05-11,281000,279000,286000,285500,318325
2017-05-12,287000,285000,289500,287500,201706
2017-05-15,289500,284500,289500,285000,145932
2017-05-16,286500,285000,289000,285500,172833
2017-05-17,285500,282500,287500,284000,152412
2017-05-18,280500,276000,282500,280500,201563
2017-05-19,280000,280000,284500,282000,152117
2017-05-22,281500,281000,288500,287000,305798
2017-05-23,286500,286000,292000,289500,240357
2017-05-24,292000,288000,292000,290000,113315
2017-05-25,292000,291000,296500,296000,298294
2017-05-26,300000,298000,306000,304500,538283
2017-05-29,306500,306000,311000,309500,400894
2017-05-30,309500,304000,309500,306500,260369
2017-05-31,306000,300500,308000,302000,263470
2017-06-01,301000,301000,305500,303000,196318
2017-06-02,303500,294000,304000,294000,424935
2017-06-05,292000,289000,294000,291500,292409
2017-06-07,294000,289000,294500,290500,291299
2017-06-08,290000,286000,292500,289500,390922
2017-06-09,291000,290000,297000,292500,371924
2017-06-12,293500,288500,296500,289500,191591
2017-06-13,293500,291000,297000,292500,269402
2017-06-14,289500,280000,290000,281000,669742
2017-06-15,280000,274500,280000,276500,361523
2017-06-16,276500,276500,283000,278000,289532
2017-06-19,277500,275500,279500,279000,157850
2017-06-20,279500,275000,280000,275500,165525
2017-06-21,273500,270000,281500,280000,281125
2017-06-22,280500,278500,287000,287000,331461
2017-06-23,287500,281500,288000,283500,222360
2017-06-26,284000,282500,285000,282500,135404
2017-06-27,284000,282500,287000,283000,225758
2017-06-28,284000,279500,285000,280500,148004
2017-06-29,282500,280000,283500,282000,219741
2017-06-30,281000,280500,291500,291000,330131
2017-07-03,294000,293000,297500,296500,356166
2017-07-04,297500,288500,298000,290000,195257
2017-07-05,290000,286000,293000,291000,176809
2017-07-06,292000,288500,293500,290000,113140
2017-07-07,288500,287000,293000,289000,151570
2017-07-10,288500,285500,292000,291500,146503
2017-07-11,291000,291000,299000,299000,304052
2017-07-12,298000,295000,300000,299500,250718
2017-07-13,304000,304000,315000,314000,896560
2017-07-14,316500,316000,321000,318500,399294
2017-07-17,322000,317500,322500,319500,282589
2017-07-18,319500,316000,327000,326500,313590
2017-07-19,326500,317000,326500,318500,300700
2017-07-20,330000,322000,330500,326000,420954
2017-07-21,330000,326500,338000,329000,396713
2017-07-24,332500,330500,336500,335000,345871
2017-07-25,333000,328000,334000,329000,264797
2017-07-26,333500,322500,334000,326500,246771
2017-07-27,328500,324500,331000,331000,149286
2017-07-28,332000,320000,333000,323000,224660
2017-07-31,320000,319500,329500,328000,212502
2017-08-01,328500,328000,335000,333000,228563
2017-08-02,333500,327000,334000,333500,245624
2017-08-03,333500,325000,333500,329000,223188
2017-08-04,329000,329000,343000,342500,509506
2017-08-07,344500,342500,349500,344000,241835
2017-08-08,345500,335500,345500,340000,251640
2017-08-09,335000,331500,338000,332500,272997
2017-08-10,332000,331000,338500,337500,261606
2017-08-11,330000,329500,341500,339500,319347
2017-08-14,343000,339500,345000,343500,148005
2017-08-16,348000,343000,352000,345500,258739
2017-08-17,345000,342000,347500,343500,181488
2017-08-18,339500,339500,349500,349000,163964
2017-08-21,352000,347500,352000,349000,181004
2017-08-22,350000,350000,364000,363000,317416
2017-08-23,365000,362000,366500,366000,256240
2017-08-24,366000,365500,378000,375000,343287
2017-08-25,375000,367000,375000,368500,240518
2017-08-28,368000,365500,372000,369500,144557
2017-08-29,367000,362500,368500,368500,191646
2017-08-30,371500,371000,383000,380000,342483
2017-08-31,382500,372000,383000,379000,228146
2017-09-01,378000,372000,379000,373000,183132
2017-09-04,365000,364500,374500,370000,232497
2017-09-05,372000,363500,373000,366000,237215
2017-09-06,365000,364500,372000,372000,179775
2017-09-07,373000,369500,375000,370000,129141
2017-09-08,370500,366500,372500,372500,116853
2017-09-11,375500,374500,392000,392000,337307
2017-09-12,394500,388500,397000,390000,281130
2017-09-13,392000,390500,411000,407500,448119
2017-09-14,406500,399500,408500,407000,429395
2017-09-15,404000,398000,405000,401000,304611
2017-09-18,403000,393000,404500,395000,368552
2017-09-19,397500,393500,400000,397000,201017
2017-09-20,397500,387000,398500,388500,323891
2017-09-21,390000,385500,394000,389000,250454
2017-09-22,388000,365500,388500,369000,568634
2017-09-25,366000,362500,380000,379500,274941
2017-09-26,379500,372500,382000,375500,211177
2017-09-27,373500,372500,381000,378000,162016
2017-09-28,375000,369500,387000,386000,258624
2017-09-29,384500,383500,396000,392000,278506
2017-10-10,396500,387000,398500,393000,406615
2017-10-11,397000,380500,401000,385000,432585
2017-10-12,382500,376500,387000,379000,381170
2017-10-13,376000,372500,381000,375000,326570
2017-10-16,377000,368000,381000,370000,341678
2017-10-17,373000,367500,374000,373000,266741
2017-10-18,376500,376000,385000,384000,357530
2017-10-19,387500,384000,391000,385000,306726
2017-10-20,388500,381000,390000,384000,206656
2017-10-23,385500,385000,397000,395500,293065
2017-10-24,395000,387500,395500,388500,212289
2017-10-25,390500,385000,392000,386500,129780
2017-10-26,388500,386500,397000,394500,327261
2017-10-27,400000,398000,407000,405500,536199
2017-10-30,406000,399500,409000,405500,386527
2017-10-31,405000,399500,408000,403500,279672
2017-11-01,407000,405500,419000,414500,336389
2017-11-02,417500,412500,425000,420000,329073
2017-11-03,419500,405000,419500,414000,387441
2017-11-06,410000,407000,416000,409000,270093
2017-11-07,408500,403500,413500,409000,245940
2017-11-08,406000,403500,412000,409000,206990
2017-11-09,415000,410000,415000,414000,194087
2017-11-10,411500,405000,412000,406500,167505
2017-11-13,403500,390000,406500,394500,494297
2017-11-14,394500,388500,396000,392500,365212
2017-11-15,391000,388500,397000,397000,292227
2017-11-16,397000,392500,406000,405500,248330
2017-11-17,408000,405500,414500,408500,285105
2017-11-20,409000,408000,412500,409500,231641
2017-11-21,409500,408000,413000,413000,205930
2017-11-22,411000,407500,417000,417000,254436
2017-11-23,418000,418000,424000,421500,195782
2017-11-24,424500,421000,426000,423500,154584
2017-11-27,422500,416000,426000,419500,235268
2017-11-28,420000,418000,424500,420500,152850
2017-11-29,419500,419500,425000,422500,149735
2017-11-30,424500,416000,426000,417500,339763
2017-12-01,412000,407000,416000,412000,547839
2017-12-04,414500,413500,422500,420000,180998
2017-12-05,416500,410000,419500,414000,160533
2017-12-06,414000,408500,416000,408500,140456
2017-12-07,405500,395000,407000,397000,257473
2017-12-08,393500,393500,400000,398500,161340
2017-12-11,398500,397500,403500,400000,143139
2017-12-12,399000,388000,400000,390000,270505
2017-12-13,388500,388500,398500,393000,298912
2017-12-14,394000,388000,397000,390000,379926
2017-12-15,395000,393000,397000,394000,197159
2017-12-18,396000,393000,398000,397500,158523
2017-12-19,399500,395500,399500,398500,135439
2017-12-20,396500,395000,398500,398000,142948
2017-12-21,398500,391000,398500,391000,123480
2017-12-22,391500,389500,395000,393500,134256
2017-12-26,393500,392000,395000,392000,267020
2017-12-27,394000,391000,395000,394500,138310
2017-12-28,396500,395000,407000,405000,169517
